,2.0504780703403105,2.076323098914849,2.1021681274893878,2.1280131560639264,2.153858184638465,2.1797032132130036,2.2055482417875423,2.231393270362081,2.2572382989366195,2.283083327511158,2.308928356085697,2.334773384660235,2.360618413234774,2.3864634418093127,2.412308470383851,2.4381534989583895,2.463998527532928,2.489843556107467,2.5156885846820054,2.541533613256544,2.5673786418310827,2.5932236704056213,2.61906869898016,2.6449137275546986,2.670758756129237,2.696603784703776,2.7224488132783145,2.748293841852853,2.7741388704273917,2.7999838990019303,2.825828927576469,2.8516739561510076,2.877518984725546,2.903364013300085,2.9292090418746235,2.955054070449162,2.9808990990237008,3.0067441275982394,3.0325891561727776,3.058434184747316,3.0842792133218553,3.110124241896394,3.135969270470932,3.1618142990454707,3.18765932762001,3.213504356194548,3.2393493847690866,3.2651944133436253,3.291039441918164,3.3168844704927025,3.342729499067241,3.36857452764178,3.3944195562163184,3.420264584790857,3.4461096133653957,3.4719546419399343,3.497799670514473,3.5236446990890116,3.54948972766355,3.575334756238089,3.6011797848126275,3.627024813387166,3.6528698419617047,3.678714870536243,3.704559899110782,3.7304049276853206,3.7562499562598592,3.782094984834398,3.807940013408936,3.8337850419834747,3.8596300705580133,3.885475099132552,3.9113201277070906,3.937165156281629,3.963010184856168,3.9888552134307065,4.014700242005246,4.040545270579784,4.066390299154322,4.0922353277288614,4.118080356303399,4.143925384877939,4.1697704134524765,4.195615442027015,4.221460470601555,4.247305499176092,4.273150527750631,4.29899555632517,4.324840584899708,4.350685613474247,4.3765306420487855,4.402375670623324,4.428220699197863,4.454065727772401,4.47991075634694,4.505755784921479,4.531600813496017,4.557445842070556,4.5832908706450946,4.609135899219633
0.4010019909779524,,,,,,,,,,,,,,,,,,,,,,,,,,,,,,,,,,,,,,,,,,,,,,,,,,,,,,,,,,,,,,,,,,,,,,,,,,,,,,,,,,,,,,,,,,,,,,,,,,,,
0.4153111704560611,,,,,,,,,,,,,,,,,,,,,,,,,,,,,,,,,,,,,,,,,,,,,,,,,,,,,,,,0.003666910166643671,0.00523654895705099,0.0037427833928338184,0.001023771546293006,-0.002377293164774447,-0.006191643777780651,-0.01025681162464043,-0.01446089235430285,-0.018718258585089676,-0.022957005785403512,-0.027111487309461245,-0.03111719724094787,-0.03490666102544192,-0.038405530796112496,-0.04152823990131918,-0.04417248046044523,-0.04621138339474935,-0.047481341219060585,-0.04776113450908606,-0.04673190568865676,-0.043888094872365994,-0.03828895596352519,-0.027490892159710695,,,,,,,,,,,,,,,,,,,,,,
0.42962034993416964,,,,,,,,,,,,,,,,,,,,,,,,,,,,,,,,,,,,,,,,,,,,,,,,,,,0.004527696990497047,0.02437761763251385,0.0280053320084384,0.02781275557458318,0.02567291430284174,0.022338106489695767,0.018195158191003914,0.01347315965549494,0.00832201458110299,0.0028478821883618963,-0.0028687879008105054,-0.008763180247938346,-0.01478000822463065,-0.02086951283568238,-0.02698461846448466,-0.03307872825534065,-0.03910385477843942,-0.045008889969321696,-0.05073787153233478,-0.05622812286805909,-0.0614081379874262,-0.06619505030395319,-0.07049145320454671,-0.0741812034406384,-0.07712357583522969,-0.07914461573279234,-0.0800234336195227,-0.0794686608150597,-0.07707381764417556,-0.07222102190237614,-0.0638298658027947,-0.049444212116225655,-0.015954998199908293,,,,,,,,,,,,,,,,,
0.44392952941227826,,,,,,,,,,,,,,,,,,,,,,,,,,,,,,,,,,,,,,,,,,,,,,,,0.03795892847554855,0.05159353275833699,0.05571206268386105,0.05596776121359829,0.05404827800372483,0.050697851304645034,0.046316335291249205,0.04114811561418214,0.03535711462543736,0.029061377941302764,0.02235088509009835,0.015297573733894877,0.007961432550622899,0.0003944767207272276,-0.007356473769935468,-0.015247715439875159,-0.023236997544038338,-0.031282101568036305,-0.03933955505763435,-0.04736340694957552,-0.05530401282350429,-0.06310679091681133,-0.07071091625677338,-0.07804792187420763,-0.0850401722162057,-0.09159916222801602,-0.09762357110398916,-0.10299695276257967,-0.10758485733495533,-0.11123101363605525,-0.11375188886917269,-0.11492832064375351,-0.11449161639147827,-0.11209857268894508,-0.10728244498249664,-0.09934513128043698,-0.08707618209554364,-0.06776231251259822,-0.02914894123726903,,,,,,,,,,,,,,
0.45823870889038687,,,,,,,,,,,,,,,,,,,,,,,,,,,,,,,,,,,,,,,,,,,,,0.05489111352175504,0.07602531504755096,0.08344967359514117,0.08579404465194583,0.08527632159202203,0.08282520154687575,0.07893673557656211,0.07391886419644546,0.06798277805853133,0.06128363119985614,0.053941196903828835,0.04605147714365188,0.037693805712645766,0.02893552423989159,0.01983526773281072,0.01044541468576045,0.0008140177815554121,-0.00901359490895963,-0.018993428615929408,-0.029081562101234,-0.039232966663401,-0.04940036803308054,-0.059533127306722514,-0.06957612643756693,-0.079468651776456,-0.08914327638953515,-0.09852474854153076,-0.10752889945220603,-0.11606158712130957,-0.12401769251594791,-0.13128017590174448,-0.13771917808691236,-0.14319110292280193,-0.1475375249130327,-0.150583596064645,-0.15213531649033676,-0.15197445556160885,-0.1498487774646688,-0.14545282457595743,-0.13838885733219333,-0.12808222460153953,-0.11357514038537797,-0.09290193491041358,-0.060040589819367045,,,,,,,,,,,,
0.47254788836849554,,,,,,,,,,,,,,,,,,,,,,,,,,,,,,,,,,,,,,,,,,0.028368125262071706,0.0905156435999314,0.10650417887382337,0.11405493427084207,0.11717067378959159,0.11728460356728483,0.11514440452643764,0.11122147573263476,0.10584616977994374,0.0992651586899,0.0916703235687622,0.08321524229265032,0.07402552663463532,0.06420579010020698,0.05384462294064046,0.043018317301992556,0.03179377337832512,0.020230851872728613,0.008384344477686411,-0.0036943218871742013,-0.015955566643158368,-0.02835026600667821,-0.04082845208329108,-0.05333807309353116,-0.06582379783896894,-0.07822585720362255,-0.09047892504888264,-0.10251105082134053,-0.11424266680376811,-0.12558570412333317,-0.1364428628616483,-0.14670709172450783,-0.15626133967217656,-0.16497864242990115,-0.17272259606914414,-0.17934824103713873,-0.18470332365476053,-0.18862980501023144,-0.19096532995820245,-0.1915441199353858,-0.19019635338601748,-0.18674442131027758,-0.18099319819351525,-0.1727088936898051,-0.16157499867262756,-0.1470973227761087,-0.12837551179962556,-0.10341727056067217,-0.06579372244174134,,,,,,,,,,
0.4868570678466042,,,,,,,,,,,,,,,,,,,,,,,,,,,,,,,,,,,,,,,,0.07062017132868893,0.11431160972141198,0.13495457350230436,0.14701169263328204,0.15344138965983486,0.1557041638668619,0.15472940726669818,0.15117390118787208,0.14552702854249483,0.13816515156935202,0.12938402131071575,0.11941987564145637,0.10846399498604065,0.09667316858313786,0.08417746547207319,0.0710861618375611,0.05749237323362671,0.043476759440526855,0.029110556351181715,0.014458115266270471,-0.0004209200770695722,-0.015469703433202454,-0.030632473043424216,-0.045852985112039626,-0.06107305868189118,-0.07623121015669353,-0.09126136804266895,-0.10609167066858184,-0.12064336230456109,-0.13482981659112928,-0.14855573054602533,-0.1617165472383471,-0.17419817951225758,-0.18587711912302388,-0.19662102255455272,-0.20628986274242764,-0.21473771992909238,-0.221815249002393,-0.22737279850817546,-0.23126406179673714,-0.233350007706128,-0.2335026609204275,-0.2316080711218769,-0.22756750192584582,-0.22129542321192122,-0.2127121425703749,-0.2017274479346543,-0.18820834220867025,-0.1719155651608088,-0.15236895645190723,-0.12851293357440627,-0.09760275087502339,-0.04754149757523917,,,,,,,,
0.5011662473247128,,,,,,,,,,,,,,,,,,,,,,,,,,,,,,,,,,,,,,0.06537822941724196,0.12681024380011252,0.16458507039499082,0.1886111290068512,0.202742579923359,0.2095136997263739,0.21071549042015844,0.20764567793244706,0.20126091974500737,0.19227722476545453,0.18123803133620237,0.16856117831658773,0.15457184727160786,0.13952605037955995,0.1236276605963464,0.10704097112161912,0.08990011911028023,0.07231628293197312,0.054383281154875444,0.03618201330670766,0.01778405476469954,-0.0007453699443711388,-0.01934487301689085,-0.037954730449658136,-0.056514965246819995,-0.07496362700687269,-0.09323522867659857,-0.11125931899078453,-0.12895918548032276,-0.14625069894877238,-0.16304132664227938,-0.1792293582308219,-0.19470340596319974,-0.2093422571268736,-0.22301517164088108,-0.23558272772596225,-0.24689832063603487,-0.25681040900619523,-0.26516557552336184,-0.27181241851936416,-0.27660621501436855,-0.27941419234483145,-0.28012111686418933,-0.27863476006205146,-0.2748906426811415,-0.26885529114087103,-0.26052705970282036,-0.24993333435234674,-0.2371225218223861,-0.2221483452429097,-0.20504187864369738,-0.1857614383066035,-0.1640955509299693,-0.139445256272359,-0.11020179722757162,-0.07090887439281443,,,,,,,
0.5154754268028214,,,,,,,,,,,,,,,,,,,,,,,,,,,,,,,,,,,,-0.03379532325314575,0.06113293633585218,0.1574346741239351,0.22171643506714753,0.25991309673598856,0.2796758654676281,0.286726108308075,0.2849736790381373,0.27705385294918355,0.26475806496358806,0.2493233302232416,0.2316187738203779,0.21226550244153872,0.19171452530045488,0.17029828129994692,0.14826537738963502,0.12580448167037947,0.103061091506774,0.08014954155522129,0.057161780848771285,0.034173924950589775,0.011251256259838138,-0.01154787008755061,-0.03416889957998274,-0.05655851165273716,-0.07866245978878325,-0.10042371221855537,-0.12178082180108975,-0.14266648073623692,-0.16300623819809512,-0.1827173788763466,-0.20170797913783284,-0.21987617586633545,-0.23710970123957434,-0.2532857543972701,-0.2682712971055936,-0.2819238733408866,-0.2940930596282491,-0.30462265071214284,-0.3133536700092522,-0.3201282626688839,-0.32479447812955015,-0.32721187775294613,-0.32725781309329727,-0.3248341166813255,-0.3198738383650911,-0.3123475571385192,-0.3022687117650025,-0.28969732973156065,-0.2747414885623253,-0.2575557902999973,-0.23833600190031165,-0.21730865687994813,-0.1947134573516579,-0.17077377532395582,-0.14564337900899374,-0.11929427624191977,-0.09121493599588666,-0.05917163651533099,,,,,,
0.5297846062809299,,,,,,,,,,,,,,,,,,,,,,,,,,,,,,,,,,,-0.3648533091953173,-0.38189801820611907,-0.28503948463827544,-0.16701489366477146,-0.0656263732475761,0.009943998225101969,0.06169432801856906,0.0944496709913174,0.11287097420749019,0.12069768577800709,0.12073988496810288,0.11505994643577011,0.10516320315975679,0.0921519130863785,0.07683934474365814,0.05983159431457409,0.04158565879379268,0.02245067909475807,0.0026974172630189522,-0.01746047068843526,-0.03785090061656948,-0.05833186405313832,-0.07878279407279687,-0.09909797570582837,-0.11918142880581578,-0.13894286066962677,-0.15829440402784284,-0.17714794006279108,-0.1954128671498185,-0.21299422165918908,-0.2297910925272028,-0.2456952998260104,-0.26059033143025445,-0.2743505523670791,-0.2868407190697254,-0.29791584543271377,-0.3074214786677354,-0.3151944494826362,-0.32106416187840653,-0.32485448184353155,-0.32638627093297534,-0.3254805907088911,-0.3219625794224578,-0.3156659772998193,-0.3064382578838702,-0.2941463190877807,-0.2786827104773101,-0.25997243721160007,-0.23798050468528956,-0.21272057818627343,-0.1842654738520719,-0.15276075587043259,-0.11844366375577295,-0.08167130645393703,-0.042965385279771104,-0.0030877006161375994,0.03682320502632233,0.07498251392191393,0.10836130073180249,0.13110232914911657,0.12868812154954634,,,,,
0.5440937857590387,,,,,,,,,,,,,,,,,,,,,,,,,,,,,,,,,-0.14112004639012485,-0.2812062858662725,-0.35765460808010024,-0.40300750534893537,-0.42695521395901265,-0.43558600227144934,-0.43353055761070597,-0.424404360334937,-0.41097209290261427,-0.3952791813328133,-0.3787844483715371,-0.3624869708470026,-0.3470378074160553,-0.3328321207282444,-0.32008151193078777,-0.30886878885866265,-0.2991882890938211,-0.29097489867246634,-0.28412451809062417,-0.2785082107041634,-0.2739817666296011,-0.2703919860783043,-0.26758064391657804,-0.26538683623868137,-0.26364821673235656,-0.2622014914595616,-0.2608824428007475,-0.25952568648799984,-0.2579643219016698,-0.25602960898076516,-0.253550790368788,-0.2503551707562746,-0.24626856309856018,-0.24111620973407358,-0.23472428130730957,-0.2269220432314105,-0.2175447532502888,-0.20643730958977272,-0.1934586032780634,-0.17848643882058218,-0.1614227769078193,-0.14219892941197393,-0.1207802159079428,-0.09716949479897352,-0.07140893836524372,-0.043579457639005524,-0.013797321495472005,0.017792237529868155,0.0510242916830144,0.08572580648664214,0.12172854999449305,0.15888187642200557,0.19706347388706785,0.2361855800909424,0.27619318598551174,0.317048755429193,0.3586936515388853,0.40096667950547776,0.44343710840326167,0.4850513230471436,0.5233292993758069,0.55231747224451,0.5563377777691071,0.482943904564809,,,,
0.5584029652371473,,,,,,,,,,,,,,,,,,,,,,,,,,,,,,,,-0.1643903138777087,-0.2519451279302281,-0.3105716275479381,-0.3515138890734741,-0.379598373292984,-0.39796733846967697,-0.40896200657152154,-0.41440009529670707,-0.415705127933529,-0.4139887713963755,-0.41011317755140586,-0.40474128704276213,-0.3983778907431432,-0.391402909842944,-0.3840980503145519,-0.3766679008435167,-0.369256463051473,-0.36195999467294715,-0.35483692133932426,-0.34791544688182946,-0.341199376797858,-0.3346725703795616,-0.3283023556734892,-0.32204217731374113,-0.3158336986020394,-0.30960854379691716,-0.3032898420851523,-0.2967937187357179,-0.2900308689097662,-0.2829083425953926,-0.2753316616496505,-0.26720737769229264,-0.2584461575235027,-0.2489664451774008,-0.23869869115728218,-0.22759005579212535,-0.21560938451245745,-0.20275212381668103,-0.18904471214363264,-0.17454786426651592,-0.1593581045265555,-0.1436069300444486,-0.12745713022173022,-0.111096063925765,-0.09472607961661877,-0.07855269867397224,-0.06277158176793289,-0.04755556802556049,-0.033043144265811425,-0.01932954188061712,-0.006461306837462336,0.005565270437808723,0.016801932443095954,0.027342848734383224,0.037316186259852016,0.046873319588171564,0.05617575309101953,0.06537903377430411,0.0746114527578298,0.08394240502899783,0.09332884564638294,0.10251236595073955,0.11079428578176298,0.11646339650901702,0.11497289622776859,0.08973475304145434,,,
0.5727121447152559,,,,,,,,,,,,,,,,,,,,,,,,,,,,,,-0.04450480968505372,-0.17589504646303025,-0.2526209300062246,-0.3058765100100243,-0.3426047810591459,-0.3670936239514914,-0.3824887751765606,-0.391189834635784,-0.39503629183371525,-0.3954315217950084,-0.3934383064213809,-0.3898551663346876,-0.3852772113384716,-0.3801440252435063,-0.374776827341103,-0.36940696354981906,-0.36419753206003,-0.3592596618663156,-0.35466467788165185,-0.3504531299046639,-0.34664144613876885,-0.343226796909619,-0.3401906172141275,-0.33750113227451295,-0.3351151526132985,-0.33297934910029486,-0.3310311795370206,-0.3291996129745229,-0.32740578299113365,-0.3255636937344995,-0.32358109974933325,-0.3213606791895988,-0.3188016160403534,-0.3158016957853667,-0.3122599952705106,-0.30808020597805214,-0.30317456621808025,-0.29746829025738614,-0.29090427440522393,-0.2834477417839309,-0.27509037728967045,-0.26585342768176473,-0.25578922763491374,-0.24498068564116093,-0.23353843504986407,-0.2215956145259572,-0.2093005525821496,-0.19680793566923704,-0.18426927430428838,-0.17182359363958086,-0.15958923826721846,-0.147657506486558,-0.1360885596513701,-0.12490974897704424,-0.11411622721969558,-0.10367351321290501,-0.09352157880167852,-0.08358003587427933,-0.07375411168491564,-0.06394131570678546,-0.05403905523969074,-0.04395406615313421,-0.03361571033008388,-0.02299783706787809,-0.01216066331435018,-0.0013441440117371085,0.008783535128465794,0.01626035472321795,0.01167662936319674,,
0.5870213241933645,,,,,,,,,,,,,,,,,,,,,,,,,,,,,-0.06743722716237863,-0.17312607274534025,-0.2510984840547881,-0.30703952166358284,-0.3454828426834951,-0.3705792371422968,-0.38580757073918703,-0.3939395211376176,-0.39711322542130667,-0.3969411641976564,-0.39461882807852017,-0.39102032857562646,-0.3867767978596441,-0.3823379947266591,-0.3780193892618382,-0.3740374719538038,-0.37053587218861156,-0.3676044733607085,-0.36529327173764836,-0.36362232761511476,-0.3625888279586124,-0.36217202139478044,-0.36233659049418604,-0.36303488142558854,-0.36420830645539853,-0.365788161329833,-0.36769605010995243,-0.36984407894758903,-0.3721349631945295,-0.374462185435203,-0.37671034205817155,-0.37875581914651085,-0.3804679404889935,-0.3817107262868208,-0.3823453847578701,-0.3822336240762159,-0.38124181332926144,-0.37924593509871857,-0.3761371599564329,-0.3718277423537256,-0.3662568040521646,-0.3593954594494961,-0.3512506761023337,-0.3418672816664997,-0.3313276440716344,-0.3197487655287829,-0.30727681986869027,-0.2940794812089019,-0.28033668105242876,-0.2662306330857661,-0.25193604014596876,-0.23761133485341843,-0.22339162413094713,-0.20938375192324163,-0.19566361781342934,-0.18227564159863333,-0.1692340801420035,-0.15652579896215685,-0.14411407621183722,-0.13194305954308014,-0.11994259316386656,-0.10803327639402581,-0.09613181832804245,-0.08415706877392944,-0.07203768079973154,-0.05972358565739115,-0.04720641590814947,-0.03456180981521426,-0.02204683503424667,-0.010273401140743625,,
0.6013305036714731,,,,,,,,,,,,,,,,,,,,,,,,,,,,-0.04966276520018165,-0.14870717935170696,-0.23351737973239797,-0.2975081428384471,-0.342572288311249,-0.37247560478451464,-0.390990952158487,-0.40133011176546407,-0.4060320965395524,-0.40702001325281495,-0.40570984938084215,-0.4031226125074285,-0.39998161396806015,-0.3967903352140747,-0.3938919958800995,-0.3915138635735431,-0.38979960129349667,-0.38883255890602403,-0.3886523500234334,-0.389266511596118,-0.3906585881410829,-0.3927936268402844,-0.39562180302785566,-0.39908070113581157,-0.4030966377593344,-0.4075853175805169,-0.4124520488761643,-0.4175917052053675,-0.4228885974949373,-0.4282164111934607,-0.433438362094641,-0.4384077274919071,-0.4429689117327364,-0.44695920149699864,-0.4502113500354989,-0.45255709470509176,-0.4538316526439445,-0.4538791517989269,-0.45255883946103503,-0.4497517750720488,-0.4453675733008422,-0.43935064004337315,-0.4316852661902913,-0.4223989397955967,-0.411563327050487,-0.39929256089325793,-0.38573874657753426,-0.37108490797542915,-0.35553590372040256,-0.339308082667693,-0.32261857936635285,-0.3056751513193264,-0.28866733776252324,-0.27175950599860366,-0.2550860919061398,-0.23874908391059085,-0.22281758324753653,-0.2073291212659067,-0.19229233400421686,-0.1776905794138908,-0.16348611979032726,-0.14962456567565716,-0.13603937539704486,-0.12265632196575149,-0.10939798492534906,-0.09618852942036824,-0.08295936248712883,-0.069656778053934,-0.056252972439576644,-0.042754856464138236,-0.02908788645773218,-0.010154323771510912,
0.6156396831495817,,,,,,,,,,,,,,,,,,,,,,,,,,,-0.0035431175308046708,-0.09917958735532281,-0.1938389244563269,-0.2697503485745404,-0.3253853450967908,-0.3636733933436238,-0.3885255408816871,-0.40359238607860454,-0.41187327825389336,-0.41567513855772886,-0.41670213046219806,-0.4161786026148108,-0.41496512678886366,-0.4136543382157479,-0.41264498745561334,-0.41219700018319433,-0.4124714355503776,-0.41355900265980755,-0.41550014274196584,-0.4182989926679063,-0.421932950268452,-0.4263590946544407,-0.4315183656389966,-0.4373381536889888,-0.443733773374261,-0.4506091703150983,-0.45785712958625346,-0.4653592014779829,-0.4729855302275118,-0.48059475642321386,-0.4880341588616235,-0.49514020165333983,-0.5017396521080965,-0.5076514287046121,-0.5126893201420418,-0.5166656799113681,-0.5193961407053225,-0.5207053062459354,-0.5204332657153257,-0.5184426447103442,-0.5146257703136788,-0.5089114071748022,-0.5012704417874392,-0.4917198788955919,-0.480324586272271,-0.4671963879476442,-0.4524903491689958,-0.43639838792796587,-0.4191406425640703,-0.40095527288340665,-0.38208753080353386,-0.3627789808417648,-0.34325767919198713,-0.3237299534092891,-0.30437419912331226,-0.2853368676354105,-0.26673059652011755,-0.2486342613081923,-0.2310946131698733,-0.21412911583043065,-0.19772959626635772,-0.18186636502132555,-0.16649252992787358,-0.15154831156770854,-0.13696526634026637,-0.12267044057396165,-0.10859064266972765,-0.09465729258404373,-0.0808128165182547,-0.06702040712414298,-0.053278317554492804,-0.039601909522273125,-0.02474732731258374,
0.6299488626276903,,,,,,,,,,,,,,,,,,,,,,,,,,0.06428949431575942,-0.02520008222645963,-0.13033698500768598,-0.2207685667573402,-0.290192753413729,-0.33995637454769273,-0.3738162088354822,-0.39580886450475405,-0.40943868865487465,-0.41746696353283597,-0.42195337519925896,-0.42438111276767043,-0.4257912120163807,-0.4268984710142873,-0.42818240773763994,-0.4299551058265649,-0.432410319121547,-0.43565832226228157,-0.4397502910314171,-0.44469514188077036,-0.45047100082253105,-0.4570328714794977,-0.46431762454457803,-0.4722471088055865,-0.48072995776822053,-0.48966251067651956,-0.4989291629410888,-0.508402394163422,-0.5179426813883072,-0.5273984828117873,-0.5366064663778514,-0.5453921527442224,-0.5535711374205308,-0.5609510468053722,-0.5673343615820271,-0.5725222029360011,-0.576319117822461,-0.5785388167400279,-0.5790107125077517,-0.577586987775577,-0.5741497946893669,-0.568618080157591,-0.5609534561175757,-0.5511645176619169,-0.5393090693305407,-0.5254938572594112,-0.5098716136340393,-0.4926354759872466,-0.47401111095847726,-0.4542471085386382,-0.4336043807363992,-0.41234537266364024,-0.3907238668405969,-0.3689760443378533,-0.3473132851968755,-0.32591697904140765,-0.3049354083582475,-0.2844825884701066,-0.2646388164750084,-0.24545260240338523,-0.22694362666638343,-0.20910637988723543,-0.19191418341979466,-0.17532335098407464,-0.15927732696853972,-0.14371072434581866,-0.1285532952524951,-0.11373403380991964,-0.09918592495649887,-0.08485256852706653,-0.07069978641811543,-0.05674079506850922,-0.043098265234902254,-0.029997422450450405,
0.644258042105799,,,,,,,,,,,,,,,,,,,,,,,,,0.13304537288562626,0.06251033256390819,-0.04707300440381976,-0.15123027894899863,-0.23615862420559183,-0.29984415691490424,-0.345060640726728,-0.3759548667977089,-0.3965068041784109,-0.40998656773881775,-0.4188784780667741,-0.42498490918355175,-0.42957421520145256,-0.4335182275630869,-0.43740295492650705,-0.44161177648015937,-0.4463856302783397,-0.4518655674422386,-0.45812237616768303,-0.46517695088298205,-0.47301412471003546,-0.4815919188467927,-0.4908475935059101,-0.5007014778562557,-0.5110592722869018,-0.5218133220138718,-0.53284323093803,-0.5440160998474923,-0.555186619797831,-0.5661972196413657,-0.5768784483544543,-0.5870497614989878,-0.596520870986286,-0.6050938027275701,-0.6125657824512951,-0.6187330311850855,-0.6233954950524345,-0.6263624576266164,-0.627458888784837,-0.6265322776185845,-0.6234595889297954,-0.6181538879048111,-0.6105701131457903,-0.6007094616362788,-0.5886218937263447,-0.5744063771582294,-0.5582086608028589,-0.540216583491147,-0.5206531534857909,-0.49976784694366994,-0.47782673773009776,-0.45510216270599524,-0.43186263543500336,-0.4083636509074963,-0.3848398907727364,-0.36149916732520243,-0.338518262231557,-0.31604064704207097,-0.294175934731185,-0.27300081458455155,-0.25256116869814343,-0.23287505320617283,-0.21393624354896357,-0.19571808190423728,-0.17817741857632868,-0.16125850278953882,-0.1448967523127333,-0.12902242584160084,-0.11356436922058655,-0.09845429675031257,-0.08363277183329837,-0.06906008203746672,-0.05474227893156544,-0.04081429362376945,-0.027926870804826982,
0.6585672215839076,,,,,,,,,,,,,,,,,,,,,,,,0.14981989938817009,0.12583006784163836,0.035609756830516995,-0.07018273080907247,-0.16668550671319826,-0.24429447340229507,-0.3022412415014714,-0.34362387547367484,-0.37249046568910876,-0.392532186198581,-0.40668047055784795,-0.41710521736758616,-0.4253479081042949,-0.43247385979230457,-0.43920292531029814,-0.4460099984076733,-0.4531982279979936,-0.46095078550420215,-0.4693668138138127,-0.4784860801999598,-0.48830569871828794,-0.49879133478640303,-0.5098845908338762,-0.5215077620395865,-0.5335667969446244,-0.5459530562976512,-0.5585443016726074,-0.5712052389134051,-0.5837878728850107,-0.5961318867595529,-0.6080652317563899,-0.6194050945070572,-0.6299593928555371,-0.6395289315157965,-0.647910321811823,-0.6548997307543899,-0.6602974712598536,-0.6639133765987686,-0.6655728200240372,-0.6651231500612871,-0.662440221713146,-0.6574346254623227,-0.650057162903795,-0.6403031032613666,-0.6282147891184342,-0.6138822467800303,-0.5974415931710746,-0.5790712047018044,-0.5589858041068064,-0.5374288043215181,-0.5146633992619882,-0.4909629897459285,-0.46660156696960026,-0.44184464455242345,-0.4169412418418196,-0.3921172922320617,-0.36757070091936095,-0.3434681269779592,-0.3199434317504975,-0.2970976307862445,-0.2750001154431357,-0.2536908729242608,-0.23318342606926545,-0.21346823046791896,-0.1945162995206528,-0.17628287176650956,-0.15871098489918395,-0.14173487656357922,-0.12528319869920948,-0.10928212920332243,-0.09365864867141035,-0.07834469545756274,-0.0632842327713576,-0.04845008036066354,-0.033900755749098024,-0.020096445682024018,
0.6728764010620163,,,,,,,,,,,,,,,,,,,,,,,0.06870599573315295,0.09688431232249549,0.06524210107394623,-0.008048937459038662,-0.09660502736059458,-0.17979973796161403,-0.24802090702212073,-0.2998691077791487,-0.3378015083035973,-0.365268792421321,-0.3854311904909703,-0.400778328417777,-0.41313371115376746,-0.42377919046545737,-0.43359152944726514,-0.44315647063750074,-0.45285467200989155,-0.46292332871930836,-0.473499208051807,-0.48464823659082984,-0.4963856183465944,-0.5086893768499875,-0.521509364516012,-0.5347731657946966,-0.5483898897552074,-0.5622525534266566,-0.5762395592676568,-0.5902156387128017,-0.6040325474610642,-0.6175297417847714,-0.6305352275924149,-0.6428667469666537,-0.6543334438974435,-0.6647381266383252,-0.6738802142233256,-0.6815594159234516,-0.6875801428273524,-0.6917565900339069,-0.6939183580087188,-0.6939164067893703,-0.691629063710102,-0.6869677430105078,-0.6798819940745986,-0.6703634837436713,-0.6584485445905482,-0.6442189885874037,-0.6278009920429601,-0.6093619946560903,-0.5891057090668238,-0.5672654896522075,-0.544096441826674,-0.5198667493338747,-0.4948487456701191,-0.46931025258731457,-0.4435066567837336,-0.41767410505529173,-0.3920240823045963,-0.36673951145129796,-0.341972394010389,-0.3178429064501521,-0.2944397878290802,-0.2718218017406875,-0.25002002958598185,-0.22904074917805592,-0.20886866755680594,-0.18947030397449066,-0.17079735288455142,-0.15278989282345187,-0.13537934186070183,-0.118491091760814,-0.10204678116758485,-0.08596619750728955,-0.07016884669825886,-0.05457537481492008,-0.0391096207671292,-0.023705296043809377,-0.008349405563316361,
0.6871855805401248,,,,,,,,,,,,,,,,,,,,,,-0.04672368784589585,-0.034271906981392875,-0.013373792441562083,-0.021295735802738885,-0.06385319693036577,-0.12674448820274636,-0.19206297035055336,-0.24898791197995548,-0.2943234217300563,-0.32907120374358717,-0.3556216870645879,-0.37637919245942475,-0.39330081312071585,-0.40783988459109294,-0.42102423122373145,-0.4335580458442253,-0.4459105724251709,-0.4583839304693504,-0.4711620733642139,-0.48434509825787153,-0.4979728867766609,-0.5120412095590868,-0.5265125918774911,-0.5413235738782312,-0.5563895148448799,-0.5716077521475854,-0.586859693896631,-0.6020122680495509,-0.6169190460182336,-0.6314212884343134,-0.6453491122098184,-0.6585229422570856,-0.6707553813700828,-0.6818536026047378,-0.6916223361036903,-0.6998674839678104,-0.7064003510508339,-0.7110424264914379,-0.7136305921228342,-0.7140225731218323,-0.712102388586311,-0.7077855117071533,-0.7010234180161417,-0.6918071926721585,-0.6801698891490101,-0.66618738446479,-0.6499775589165872,-0.6316977355704146,-0.6115404369097441,-0.5897276405043694,-0.5665038285186786,-0.5421282143990147,-0.5168665841747766,-0.4909832040348251,-0.4647332200768186,-0.43835591537133023,-0.4120691027660934,-0.38606483054759594,-0.36050647397768815,-0.3355271893386966,-0.3112296264175958,-0.28768673513413523,-0.2649434638728071,-0.2430191298714896,-0.22191024258157754,-0.20159357483681112,-0.18202929897420203,-0.16316403060519966,-0.14493364623154276,-0.12726575613846894,-0.1100817117099179,-0.09329798830846543,-0.07682666727720659,-0.060574419731641724,-0.0444384620030717,-0.028294756010565986,-0.011959280572267621,0.005004893022022814,
0.7014947600182334,,,,,,,,,,,,,,,,,,,,,-0.1026546435566283,-0.17073370002425134,-0.16287966675169377,-0.13497614177659387,-0.11724585616976492,-0.12602913333055923,-0.15909100725212783,-0.20350680786671357,-0.24778828047169948,-0.28641150879770855,-0.3183095367273583,-0.34442371422028617,-0.36621408784911874,-0.38503536125216326,-0.4019585160582588,-0.4177687174944527,-0.43301589169149524,-0.44807084993549423,-0.4631724241356372,-0.47846323876870683,-0.4940155952277785,-0.5098497287345666,-0.5259464906958199,-0.5422560733290592,-0.5587039802530299,-0.5751951201988964,-0.5916166613923283,-0.6078401145119375,-0.6237229938837819,-0.6391103240746178,-0.653836200178846,-0.6677255657468587,-0.6805963356908435,-0.6922619576200276,-0.7025344703227622,-0.711228080212514,-0.7181632343980285,-0.7231711227913176,-0.7260984927938968,-0.7268126113438511,-0.7252061643482934,-0.7212018474924635,-0.7147563801811799,-0.7058636706821673,-0.694556879045598,-0.6809091668025591,-0.665032987956325,-0.6470778605931345,-0.6272266558991948,-0.605690542524684,-0.582702818884504,-0.5585119440720621,-0.5333741311528322,-0.5075458891765909,-0.4812768905202013,-0.45480350030597244,-0.42834324027143583,-0.4020903787001564,-0.376212750102808,-0.3508498222681604,-0.3261119516857558,-0.3020807065894535,-0.27881009287935793,-0.2563284924132462,-0.23464111404500604,-0.21373276227030358,-0.19357074243648895,-0.17410774069381973,-0.15528453634152328,-0.13703241834974278,-0.11927517898194762,-0.10193053259935504,-0.08491072999542562,-0.06812194379162291,-0.051461516050781815,-0.03481086026269917,-0.01801784273263493,-0.0008481505963757718,0.017162118914313167,
0.7158039394963421,,,,,,,,,,,,,,,,,,,,-0.06594693083535187,-0.24526885924104522,-0.2881568610773006,-0.28212210296243057,-0.2491510591972821,-0.2109077904710785,-0.18836907621482887,-0.19085301798070295,-0.21300797173037425,-0.24409362427893116,-0.27622324503823015,-0.30584116992511023,-0.332131185373596,-0.3554634961383142,-0.3765462748280667,-0.3960713180541908,-0.41460125558849625,-0.4325547921228271,-0.45022480853274,-0.46780328594149784,-0.48540398710307703,-0.5030805669485416,-0.520840206498476,-0.5386535768286091,-0.5564620233886975,-0.5741827449827696,-0.5917125870770222,-0.6089309296123733,-0.6257020379176139,-0.6418771599006624,-0.6572965875271116,-0.6717918493980749,-0.6851881586112444,-0.6973072018049088,-0.7079703182960873,-0.7170020805958105,-0.7242342484430396,-0.7295100279958739,-0.7326885270934304,-0.7336492586048028,-0.7322965096332877,-0.7285633680977897,-0.7224151835081118,-0.7138522388601944,-0.7029114279824589,-0.6896667685140992,-0.6742286343412903,-0.6567416600229454,-0.6373813486715086,-0.6163494973153779,-0.5938686322620831,-0.5701757135624133,-0.5455154154314235,-0.5201333134402718,-0.4942693071699739,-0.4681515795525655,-0.44199134491984193,-0.41597857269733307,-0.39027879991545644,-0.3650310707270544,-0.34034697166572303,-0.3163106727130268,-0.292979839700938,-0.2703872544701486,-0.24854296500898979,-0.2274367865242818,-0.20704098304518603,-0.18731297413258682,-0.16819792861804866,-0.1496311227564586,-0.1315399487467587,-0.11384545444082664,-0.09646326519960087,-0.07930366413645995,-0.06227044913695751,-0.045257879344559986,-0.028144553671123253,-0.010783517340989186,0.0069945148947009195,0.02495076501294838,
0.7301131189744507,,,,,,,,,,,,,,,,,,,,-0.2602279630911173,-0.3531252661114241,-0.3884948029696591,-0.38403072910572966,-0.3484722146145583,-0.2953051950512355,-0.24583198570114972,-0.2189593213828352,-0.21871149276887916,-0.2367819945190966,-0.2631457142229473,-0.2914217043005193,-0.3187593362261532,-0.3443199065523925,-0.36814458676248474,-0.39056739171858523,-0.4119612199361833,-0.4326449674332412,-0.45285951523981244,-0.47276999231133715,-0.4924761975534112,-0.5120240654000171,-0.5314157414156008,-0.5506177252588602,-0.569567239212875,-0.588177191706635,-0.6063401261428213,-0.6239315005287598,-0.6408125824188615,-0.6568331843052927,-0.6718344116257253,-0.6856515488361389,-0.698117166846106,-0.7090644957590321,-0.7183310689956435,-0.7257626078785901,-0.7312170797251071,-0.7345688282542185,-0.7357126441336266,-0.734567617765535,-0.7310805982823441,-0.725229074625521,-0.717023298714654,-0.7065074886708159,-0.6937599824369669,-0.678892258206367,-0.6620467955559087,-0.6433938162585725,-0.6231270112696249,-0.6014584243611151,-0.5786127171945112,-0.5548210798097433,-0.5303150705428855,-0.5053206682674001,-0.4800527979183285,-0.454710550109296,-0.429473261756095,-0.40449756263709513,-0.3799154287948037,-0.3558332232548785,-0.33233165229916095,-0.30946652460360774,-0.28727017244741293,-0.2657533788868081,-0.2449076509560844,-0.2247076843654609,-0.2051138769853314,-0.1860747635181154,-0.16752925890356218,-0.14940860977517922,-0.13163795793940022,-0.11413741303305439,-0.09682250859582195,-0.0796038761339591,-0.06238594340647215,-0.04506463489746545,-0.027525539526715253,-0.009654245466934714,0.008542978924564642,0.02520414866828029,
0.7444222984525594,,,,,,,,,,,,,,,,,,,-0.2322790954924656,-0.36927105745160493,-0.44001980258465134,-0.4710830535289313,-0.46776988580135404,-0.4313924585529293,-0.3679893099013704,-0.295973028108549,-0.2412490259017022,-0.21857062630867682,-0.22403060929796648,-0.24576028274619055,-0.2740785404298089,-0.30372014006515874,-0.33248881724834634,-0.3597461041720081,-0.3855074656780727,-0.41000561548540315,-0.43350398584623245,-0.4562267374372169,-0.47833882288530094,-0.49994584303950645,-0.521100648550096,-0.5418113768118725,-0.5620489776613938,-0.5817536919665836,-0.6008405031925307,-0.6192037712187741,-0.6367212946235495,-0.6532580253010737,-0.6686696168825059,-0.6828059417104375,-0.6955146657261908,-0.7066449281583794,-0.7160511335320342,-0.7235968271841714,-0.7291585923414504,-0.7326298774604647,-0.7339246379438288,-0.7329806578655751,-0.7297624065110742,-0.724263282903714,-0.7165071103419738,-0.7065487630571856,-0.6944738383600305,-0.6803973289731237,-0.6644612994030715,-0.6468316238447398,-0.6276938970214336,-0.6072486788724556,-0.585706274502316,-0.5632812783616014,-0.5401871234937363,-0.5166308716981401,-0.4928084592275256,-0.4689005774207675,-0.44506932207656175,-0.4214556938329923,-0.39817797901227486,-0.3753309906654123,-0.35298610645576267,-0.33119200599622,-0.3099759865184717,-0.28934572234249206,-0.2692913295638794,-0.2497876009598872,-0.23079628510156552,-0.21226829552374787,-0.19414574784622532,-0.17636373207210745,-0.15885173067737873,-0.14153458666751548,-0.1243329048235748,-0.10716272973791197,-0.08993429158485124,-0.07254960800225974,-0.05489914360151957,-0.03686063062261647,-0.01832228120165152,0.0005842371493988441,0.015880717357580534,
0.758731477930668,,,,,,,,,,,,,,,,,,-0.16324303874087573,-0.35305886704582967,-0.45078196702261125,-0.5087538211709972,-0.5364949796264643,-0.5345430996040131,-0.4996107579624966,-0.4308211755047188,-0.340570681970915,-0.25837060462198924,-0.2114032345927622,-0.20350439184778774,-0.22156877690144447,-0.25167520118700226,-0.2853596795709781,-0.3187442385909721,-0.350455059692303,-0.3802347167967197,-0.4082436620646255,-0.4347518575381609,-0.4600160240409393,-0.48423814581086266,-0.5075573302639529,-0.5300541653449474,-0.5517588765708087,-0.5726598849587573,-0.59271161633669,-0.6118413282437485,-0.62995506069746,-0.6469429137728738,-0.6626838529478319,-0.6770502048207019,-0.6899119572680144,-0.7011409298763281,-0.7106148364596334,-0.7182212229843574,-0.7238612317572048,-0.7274531166594473,-0.7289354150375968,-0.7282696702331224,-0.7254425953440259,-0.7204675742229351,-0.7133854101690614,-0.7042642559846722,-0.6931986900869559,-0.6803079404880327,-0.6657332992488026,-0.6496348114654028,-0.632187361626818,-0.6135763129735692,-0.5939928793710956,-0.5736294220170658,-0.5526748638788431,-0.5313104031174206,-0.5097056840598223,-0.48801555268636143,-0.46637748596292616,-0.44490974388501,-0.4237102530025589,-0.40285619330004047,-0.3824042288389405,-0.36239129798647496,-0.3428358619931428,-0.3237395010050205,-0.305088743495133,-0.28685701722516976,-0.26900661544257726,-0.25149057897076865,-0.23425440066865197,-0.21723746031753852,-0.20037409107554632,-0.18359415663721362,-0.16682296986689343,-0.1499802880422911,-0.13297793603653224,-0.11571525366447147,-0.09807086697885235,-0.07988792943217947,-0.060947758159811294,-0.04092835852366971,-0.01943379751727138,0.0006525573804363407,
0.7730406574087766,,,,,,,,,,,,,,,,,,-0.31376011017390765,-0.4348779959407173,-0.5110287406484484,-0.5594717737729534,-0.5847654043647178,-0.5856072897150549,-0.5561869919686205,-0.48947045849913556,-0.3880205636567712,-0.2781733579986559,-0.20041051031819643,-0.1737571586093145,-0.18688279440219033,-0.22009813876901319,-0.2598940890700028,-0.2998044112656065,-0.3374509259977667,-0.37229773974793606,-0.4045042553316577,-0.4344255297587334,-0.4624169119940218,-0.4887685700302791,-0.5136919343805639,-0.5373251503608725,-0.5597442271901062,-0.5809748166822742,-0.6010029339918715,-0.6197842611986693,-0.6372521489620103,-0.6533245586131358,-0.6679101802058262,-0.6809139100555828,-0.69224181023505,-0.7018056162429589,-0.7095268124048086,-0.7153402587208058,-0.7191973278131306,-0.7210684959125823,-0.7209453269026194,-0.7188417926122882,-0.7147948849026883,-0.7088644943936906,-0.7011325553309415,-0.691701484145861,-0.6806919684935407,-0.6682401916280867,-0.6544946016326961,-0.6396123542887314,-0.6237555707439598,-0.607087555735402,-0.589769118724824,-0.5719551293686284,-0.5537914213037594,-0.5354121357629251,-0.5169375707788463,-0.4984725745265639,-0.4801054944307147,-0.46190766855624105,-0.4439334237115683,-0.42622052645012787,-0.4087910191870765,-0.39165236398856235,-0.3747988109082504,-0.35821290536654365,-0.3418670489904517,-0.32572502920025787,-0.30974343282906946,-0.29387285567259164,-0.2780588093379052,-0.26224220304044565,-0.24635923053463832,-0.2303404014221896,-0.21410828232064502,-0.19757317317321743,-0.1806252467004436,-0.16312015279683537,-0.14485144245655202,-0.12549336673192513,-0.10446662604578137,-0.08055406408553228,-0.05027394758810842,,
0.7873498368868852,,,,,,,,,,,,,,,,,-0.2523625275113989,-0.4014627608765478,-0.490367669706695,-0.5502471582483438,-0.5904053517364563,-0.6137614441515354,-0.6189534628560034,-0.6000599989041251,-0.5468099643959151,-0.4505369065066713,-0.32199912191525226,-0.20457264196923397,-0.1428303310870836,-0.14056211802952523,-0.1736688679867867,-0.22007264405259824,-0.26814836128276526,-0.31340971604266615,-0.35470288832604174,-0.3921397912974671,-0.4262037969232615,-0.45740888832357396,-0.4861882804807451,-0.512871202848187,-0.5376905533675812,-0.5607992652835958,-0.5822873419715134,-0.602197022199444,-0.6205355898398422,-0.6372860279675643,-0.6524158796040783,-0.6658846533360085,-0.6776500346040745,-0.6876730829739026,-0.6959225293858502,-0.7023782394620354,-0.7070338787584823,-0.7098988010077533,-0.7109991779873254,-0.7103783966322963,-0.7080967623741456,-0.7042305645343905,-0.6988705772595932,-0.6921200856251587,-0.6840925393035516,-0.6749089443006736,-0.6646951060415949,-0.6535788344649461,-0.6416872142192481,-0.6291440313973186,-0.616067433591953,-0.6025678835879441,-0.5887464498489435,-0.5746934600822854,-0.5604875283218709,-0.5461949516712854,-0.5318694603847992,-0.5175522944320701,-0.5032725710483945,-0.48904790086877786,-0.4748852048596597,-0.46078168011092147,-0.4467258592659952,-0.432698705455011,-0.4186746813459707,-0.4046227262717216,-0.39050706764703946,-0.3762877793400583,-0.3619209757525502,-0.34735848819641,-0.3325467954725558,-0.3174248464634273,-0.30192016574032426,-0.28594216208070844,-0.26937061557875547,-0.2520353039656138,-0.2336780705675846,-0.2138767004830872,-0.19187489125792556,-0.1661373450385933,-0.13283829653187926,-0.07657909188577794,,
0.8016590163649938,,,,,,,,,,,,,,,,-0.14787071371802318,-0.35140744370052884,-0.45146080947286654,-0.516625767112384,-0.561912414418357,-0.5934658966063625,-0.6136156511141447,-0.6217129708621649,-0.6135975223747148,-0.5806205660294684,-0.510603990840542,-0.3971598260322268,-0.2606728087063937,-0.1521828992096539,-0.10845616654127517,-0.12134946202647787,-0.16367134458173282,-0.215269963372931,-0.26652047764546527,-0.3139999356361592,-0.3569977954420309,-0.39578070874417065,-0.4308719402926964,-0.46278635042732547,-0.49194969416523476,-0.5186872182802095,-0.543235590494364,-0.5657606065674217,-0.5863744301317846,-0.6051504893105241,-0.6221357542480224,-0.6373606356880241,-0.6508468536145612,-0.662613596274157,-0.6726822281669754,-0.6810797485546071,-0.6878411605874819,-0.693010885757765,-0.6966433457519714,-0.6988028296651438,-0.6995627648933324,-0.6990045114782856,-0.6972157997576471,-0.6942889283241344,-0.6903188328371492,-0.6854011262148504,-0.6796301977697728,-0.6730974438828746,-0.6658896869209832,-0.6580878233291779,-0.6497657270365829,-0.6409894211113513,-0.6318165193191316,-0.6222959299479409,-0.6124678068183768,-0.6023637265141958,-0.5920070661851484,-0.5814135524252054,-0.5705919483914011,-0.5595448432481508,-0.5482695050173496,-0.5367587548472923,-0.5250018174286879,-0.5129850985178501,-0.5006928357606015,-0.48810756228251395,-0.475210312109488,-0.46198047945715903,-0.44839521523845843,-0.434428195077704,-0.42004750823328985,-0.4052122676526431,-0.3898672730714549,-0.37393456044716517,-0.35729970327301946,-0.33978874594590514,-0.3211272819181614,-0.3008626960298016,-0.27820232871127876,-0.25163144659118053,-0.21782380249384986,-0.1672944895285899,-0.014598043578143823,,
0.8159681958431024,,,,,,,,,,,,,,,,-0.2569429704999159,-0.36941333528847875,-0.44003300716025223,-0.4893563260882582,-0.5251576271503334,-0.5512311321667804,-0.5691310452538535,-0.578389417397732,-0.5760853169484751,-0.5561730959119615,-0.5097160561673804,-0.42916343644956595,-0.3199697024112792,-0.21066945161522566,-0.13775865858691033,-0.1151893830007455,-0.13134469568094206,-0.16812174367626656,-0.21262856922236031,-0.25812051343000647,-0.3016904733299091,-0.34233619425456885,-0.3798834665940446,-0.4144714230517535,-0.44632689251444585,-0.47567373513544303,-0.5027020199740555,-0.5275624899884597,-0.5503708827726872,-0.5712153779964895,-0.5901643382270563,-0.6072732313743444,-0.6225903699630272,-0.6361614165152191,-0.6480327294288071,-0.6582536690036882,-0.666877996678896,-0.6739645022970189,-0.679576992039207,-0.6837837659240361,-0.6866567086992577,-0.6882701112598922,-0.6886993311448882,-0.6880193902217352,-0.6863035956716087,-0.6836222573367248,-0.680041560956714,-0.6756226433282131,-0.6704209023695068,-0.6644855626855231,-0.6578595055604571,-0.6505793612718793,-0.6426758510682189,-0.634174355941574,-0.6250956794195937,-0.6154569621225767,-0.6052726971205645,-0.5945557877129469,-0.5833185838034206,-0.5715738302263328,-0.5593354607030171,-0.5466191747175124,-0.5334427411022217,-0.5198259804160752,-0.505790386367729,-0.49135835177010867,-0.476551962954529,-0.4613913129780259,-0.4458922508499325,-0.430063419796552,-0.41390232258806525,-0.3973899499422904,-0.3804831479083962,-0.36310323422088703,-0.34511807615490475,-0.3263121433184571,-0.3063329658600426,-0.28458728064044103,-0.26001719006415785,-0.23054064608322725,-0.19128215762325915,-0.1254550464586518,,,
0.830277375321211,,,,,,,,,,,,,,,-0.09907264176203333,-0.21116648571531133,-0.29202349810665773,-0.3557346745548963,-0.40650040571389373,-0.446895906834293,-0.4785600491218248,-0.5020698298649645,-0.5165545322239697,-0.5191755848852282,-0.5047902559978293,-0.46682941535754535,-0.40134119218481185,-0.3146028298768267,-0.22707046399288144,-0.16306013350543905,-0.13417635711064516,-0.13630788727568258,-0.1587639645917493,-0.1919621425859483,-0.22964721347919054,-0.268332191712825,-0.30625284154342697,-0.34258636245969365,-0.37698727333920534,-0.40933779252375685,-0.4396207860077816,-0.4678579258214947,-0.49408130891891794,-0.5183218145615591,-0.5406055831915108,-0.5609542234571582,-0.5793865270036972,-0.5959205855478711,-0.610575778124287,-0.6233743927377554,-0.6343428008383963,-0.643512183811531,-0.6509188531348221,-0.6566042279030395,-0.6606145441511945,-0.6630003743874623,-0.6638160352129022,-0.6631189568852792,-0.6609690815958214,-0.657428347198433,-0.6525603002053519,-0.6464298661612187,-0.6391032873708102,-0.6306482180862631,-0.6211339468305882,-0.6106316962355705,-0.5992149347424914,-0.5869596241219698,-0.5739443242291137,-0.5602500832782232,-0.5459600585683501,-0.5311588378075647,-0.5159314620731913,-0.5003621837156876,-0.4845330211653625,-0.46852219286959396,-0.4524025208964598,-0.43623988937449054,-0.4200918242296983,-0.40400623062349494,-0.38802028586480897,-0.37215944072585216,-0.3564364316036575,-0.3408501470633569,-0.32538411676504225,-0.3100042813781632,-0.29465552522082805,-0.2792561426862057,-0.263688827325793,-0.24778561253093556,-0.23130171575922995,-0.21386747354105312,-0.19489255371157677,-0.17335119784061825,-0.14720526841769427,-0.11126790492652036,-0.03568971746189196,,,
0.8445865547993197,,,,,,,,,,,,,,,-0.07165315492680242,-0.14605601530813067,-0.2180461645908915,-0.28356321623114394,-0.34111449524197734,-0.3903589083744776,-0.43119932811042044,-0.46304392856099674,-0.4840970932927181,-0.490732551843547,-0.4774163136766005,-0.4384030281545676,-0.3726419467279562,-0.2901120092304606,-0.21146837271064456,-0.15636035723996383,-0.13207101904676044,-0.13419014257908563,-0.15403281083471743,-0.18389552400000259,-0.2185386564567435,-0.2548315958136334,-0.29103117855092997,-0.3262064584408894,-0.3598732603418939,-0.3917833864488979,-0.4218089370766775,-0.4498808597870535,-0.4759573058312664,-0.5000080306100982,-0.5220072816657398,-0.5419310786546173,-0.559756687088996,-0.5754631235776602,-0.5890320972826362,-0.6004491040816617,-0.6097045616561452,-0.6167949670950654,-0.6217241063158588,-0.6245043635421911,-0.625158177470495,-0.6237196722131985,-0.6202364571670651,-0.6147715419739365,-0.6074052534974282,-0.5982369768302721,-0.5873864811330869,-0.5749945467470707,-0.5612225980803762,-0.5462510820198082,-0.530276423332235,-0.5135065352631235,-0.49615504949758116,-0.4784346246637293,-0.46054985732607145,-0.4426904153394413,-0.4250250142470305,-0.407696758210903,-0.3908201867608239,-0.3744801449894056,-0.3587323725944184,-0.34360552592797455,-0.32910423170117914,-0.3152127275696002,-0.30189866375447216,-0.28911670129106676,-0.27681162325025255,-0.264920754053812,-0.25337554194079664,-0.24210218807388043,-0.23102119147959344,-0.22004560689890126,-0.2090776542892866,-0.19800301384104838,-0.186681554522391,-0.17493206161835181,-0.16250594888677528,-0.1490387078853634,-0.13395062960908777,-0.1162110284922277,-0.0936252430524905,-0.05927583096075844,,,,
0.8588957342774283,,,,,,,,,,,,,,-0.006565346888225477,-0.058327624288257725,-0.12447605876417542,-0.19341101268346056,-0.25990433727494366,-0.3212622874280692,-0.3759914215063136,-0.42292955167384516,-0.4604555308928793,-0.48568964849123913,-0.4938479948130915,-0.47844915099753255,-0.43385248777878715,-0.3611577315360036,-0.2738762981857589,-0.194509781238345,-0.14128081641589965,-0.11908686330747933,-0.1224183854961976,-0.14266034011054016,-0.1724978483096144,-0.2069760279418531,-0.24309074316201562,-0.2791232485765304,-0.31411904302306437,-0.3475538617137079,-0.37913742441019704,-0.4087031111450696,-0.4361475934558103,-0.4613985454555801,-0.48439786148860653,-0.50509334701793,-0.5234350124943563,-0.5393738777407646,-0.55286219107011,-0.5638545281148173,-0.5723095511951833,-0.5781923841265942,-0.5814776431737706,-0.5821531877550423,-0.5802246240141237,-0.5757205122268971,-0.5686980955739142,-0.5592491885432915,-0.5475056552251713,-0.5336437051921803,-0.5178860903953914,-0.5005012662465088,-0.48179874630408986,-0.46212026677037304,-0.44182696268221505,-0.4212834490081298,-0.4008403416381344,-0.3808171691786041,-0.36148768070304366,-0.3430692079489447,-0.3257170722810572,-0.3095242090808936,-0.29452541709398644,-0.28070509055292403,-0.2680070363547939,-0.25634500540865457,-0.24561279995980914,-0.23569315541684965,-0.22646494333371622,-0.21780853785244833,-0.20960939993252564,-0.20176005720371618,-0.1941607031302791,-0.18671862380186963,-0.17934659833707992,-0.17196031609422896,-0.16447470405663248,-0.15679883258907648,-0.14882869748069372,-0.14043649931319624,-0.13145366640186854,-0.12164175506993773,-0.11063737387085842,-0.09783317167744858,-0.0820648758324461,-0.06044777429899301,-0.01454041518029855,,,,
0.8732049137555369,,,,,,,,,,,,,,-0.00949182109473172,-0.0629709366034018,-0.1283885107890732,-0.19722938996389433,-0.2648592526037678,-0.3284791362081433,-0.3862008034640965,-0.4363092735269821,-0.47649507017618964,-0.5030424991239453,-0.5102421649343468,-0.4909089092142678,-0.4396117117043816,-0.35917750226342665,-0.26562852095514206,-0.18274043743807852,-0.12809696389367098,-0.10542277618284378,-0.10856242854426132,-0.12872032905966635,-0.1585427719000487,-0.1930336917415098,-0.22912917085296178,-0.2650471145554901,-0.2997772883205852,-0.3327509253340254,-0.3636437675875599,-0.39226346081740715,-0.41848672368523754,-0.44222495465000805,-0.46340585260875883,-0.4819640301767784,-0.49783673646240867,-0.5109626000521186,-0.5212823250495305,-0.5287408541141667,-0.5332908350002139,-0.5348973863588149,-0.533544199053467,-0.5292409468425338,-0.5220318176826562,-0.5120047171644884,-0.4993003563415393,-0.4841200638212568,-0.46673084138271786,-0.44746603468849583,-0.4267201498702152,-0.40493691208826166,-0.382590635928739,-0.3601622160963906,-0.3381122614481492,-0.31685472622356053,-0.2967345421281498,-0.27801212296833033,-0.2608563557457968,-0.24534616675345822,-0.23147937495758997,-0.21918663569395672,-0.2083479607712344,-0.1988095098971576,-0.1903988963511694,-0.18293792295626635,-0.17625229109063445,-0.1701783067648737,-0.16456691336749307,-0.15928552714359498,-0.1542181777394463,-0.14926440460021848,-0.14433726560222834,-0.1393607001639044,-0.1342663658051283,-0.1289899328969006,-0.12346666110962073,-0.11762585483337712,-0.11138342139377681,-0.10463104750263148,-0.09721899393120079,-0.0889258445712956,-0.079398283144893,-0.06800881823839926,-0.053414453461012985,-0.03110785051328292,,,,,
0.8875140932336456,,,,,,,,,,,,,0.015347880865056026,-0.018922763271863232,-0.07649382331988801,-0.14362632122048347,-0.2136472474903829,-0.2824458876453095,-0.34729440565566855,-0.40615358089933573,-0.4570104264906102,-0.4971347717901886,-0.5223023927935697,-0.5263358284465629,-0.5019384561285353,-0.44435905687318106,-0.35791537709704385,-0.25995839208746035,-0.17434984669359307,-0.11789225382373232,-0.09372940144294938,-0.09557586063841733,-0.11465233997589834,-0.14357518763799404,-0.1772621623795761,-0.21254733471032905,-0.24755830318230634,-0.2812154267290809,-0.31290069317001235,-0.34225663130364176,-0.3690692997834254,-0.3932018584330838,-0.41455759614252824,-0.4330599132250515,-0.4486421094732181,-0.46124299589470613,-0.47080618322556045,-0.47728195103408005,-0.48063118740461713,-0.48083118605541864,-0.4778831838415575,-0.47182145652320334,-0.46272358166813005,-0.450721141817439,-0.4360097171658221,-0.418856583867,-0.39960422016630476,-0.3786676943236589,-0.35652442706756443,-0.33369577003175666,-0.3107212441830486,-0.2881278612035848,-0.2663982710135847,-0.2459420902597612,-0.22707439755831443,-0.21000407948564934,-0.19483284719634852,-0.1815638605246581,-0.17011748930234086,-0.16035108140015772,-0.15207968962985816,-0.14509532539837286,-0.13918316706801806,-0.13413400036856987,-0.12975284581880145,-0.1258641729155885,-0.12231432545066555,-0.1189718376167935,-0.11572626673934062,-0.11248605760420166,-0.10917582249303563,-0.10573329186212034,-0.10210607205736735,-0.0982482376839359,-0.09411667805232776,-0.08966699035299971,-0.08484852984397749,-0.07959791135718368,-0.07382962131523423,-0.06742094239856147,-0.060184531733200486,-0.05180970018207304,-0.041702444876144065,-0.028317382947622677,,,,,,
0.9018232727117542,,,,,,,,,,,,,0.012049751093480618,-0.032812698971288926,-0.094805793187978,-0.1643141658211139,-0.23567928844836672,-0.3051340194880312,-0.3700393172443308,-0.4283085497343323,-0.477785007210059,-0.5155292487850726,-0.5371163442522876,-0.5363510438111917,-0.5063823426882423,-0.44353302444883963,-0.3533661605276989,-0.25356364644138923,-0.16703916860086368,-0.10946811502577093,-0.08364473839187975,-0.08350782228600244,-0.1005490619022958,-0.12749760698958448,-0.1592577927002672,-0.19259833551612496,-0.2255760768296672,-0.2570538186019415,-0.28637294827761967,-0.3131504134592152,-0.33715847075507205,-0.3582553958408023,-0.37634651004636865,-0.39136305859516407,-0.4032517008637962,-0.4119705214772019,-0.41748931077786694,-0.4197929061823116,-0.4188869373383031,-0.4148055472356136,-0.40762065807570935,-0.39745216522568516,-0.3844781180358609,-0.36894354486321246,-0.3511662023241062,-0.33153732099744243,-0.3105155517219236,-0.2886129310652343,-0.26637281890123005,-0.24434127394222882,-0.2230348845093677,-0.20290919863207943,-0.18433218118253242,-0.1675663837861796,-0.1527619090285096,-0.13996024577791882,-0.12910721919539275,-0.12007209165994005,-0.11266945782339521,-0.10668090952102402,-0.10187423839419757,-0.0980188893786418,-0.09489723460605132,-0.09231187137405572,-0.09008952714149122,-0.08808231296520577,-0.08616706745870428,-0.08424344092629762,-0.08223123566501916,-0.08006737824754259,-0.07770277210236118,-0.0750991714961667,-0.07222613107577854,-0.0690580137138251,-0.06557097545997657,-0.061739777775900624,-0.057534182964062104,-0.05291452381701812,-0.047825684450680965,-0.04218781145867535,-0.035879166554383266,-0.0286947422187411,-0.02019510604154515,-0.008382575994932124,,,,,,
0.9161324521898628,,,,,,,,,,,,0.026570706951734312,0.002843186825277858,-0.05000834722565434,-0.11617012144539295,-0.18790212658702937,-0.2601304964286613,-0.3293314224145365,-0.39297910883430126,-0.4490275852566109,-0.4953106689505533,-0.5288688688092039,-0.5453451533583188,-0.5388846220546227,-0.5034555062559647,-0.4366137422665316,-0.34483965257100363,-0.24539779950090276,-0.15957525381851095,-0.10165900534922455,-0.07417113475184929,-0.07148240188087594,-0.0855639328436194,-0.10941794941926257,-0.13804293191180508,-0.16820941916089446,-0.19794440478820852,-0.22607851699764073,-0.25192939550736,-0.27510100829085204,-0.2953627523318474,-0.3125789153229662,-0.32666875415106306,-0.33758498371357837,-0.34530344040976263,-0.34981973267346367,-0.3511504777897121,-0.34933771672987374,-0.34445558583836045,-0.3366184756319469,-0.32598982629308715,-0.3127904754966811,-0.29730517234164927,-0.27988561314183136,-0.2609482819481562,-0.24096564000539203,-0.22044991082874718,-0.19992984815656784,-0.17992228382221576,-0.16090159577013335,-0.1432710945924439,-0.12734035650207964,-0.11331162607724633,-0.10127678268679952,-0.09122446831038686,-0.0830553357741806,-0.07660238305972816,-0.071653122546993,-0.06797077461371707,-0.06531250489389404,-0.06344365392161974,-0.06214771796649492,-0.061232417784121126,-0.06053251906789502,-0.05991018547623648,-0.059253617084121524,-0.05847461757516058,-0.05750559206225557,-0.05629633656544942,-0.05481085745826578,-0.05302436158131565,-0.05092048588053271,-0.04848878728030887,-0.045722487042746736,-0.04261645980516657,-0.039165482911411614,-0.03536283701530739,-0.031199523598868788,-0.026664753206300212,-0.021749218450188682,-0.01645450896995353,-0.010814629591693657,-0.004904836745990498,,,,,,,
0.9304416316679714,,,,,,,,,,,,0.027465684327000136,-0.01049778698005879,-0.06993509208733853,-0.13969867028319244,-0.21303545513182134,-0.2852529700662356,-0.3530525340237814,-0.4140814017522588,-0.4664351240663333,-0.5080705967892495,-0.5361788172215988,-0.5466871883493949,-0.5343239972934362,-0.4940537258366982,-0.42460826492867987,-0.33299750825635444,-0.23553276115873384,-0.15150502158641876,-0.09369666264088243,-0.06439910512593514,-0.05853806603221816,-0.0687175402117205,-0.08835344874201022,-0.11264497571712771,-0.1384365068269948,-0.16377112661561682,-0.187476289578605,-0.20886494652757376,-0.22754188250163027,-0.24328511812377102,-0.2559759284154085,-0.2655590412531575,-0.27202130156589377,-0.27538167942401565,-0.2756883652955866,-0.2730203784768667,-0.26749203121031123,-0.2592590153630158,-0.24852498725237146,-0.23554744503984373,-0.2206415333509703,-0.20418029032284005,-0.18658990366094474,-0.16833888802432231,-0.14992081112353242,-0.13183125335748053,-0.11454091746947094,-0.09846790999028024,-0.08395284099826925,-0.07124025999687048,-0.060469004853353193,-0.05167249960672604,-0.04478831331497687,-0.03967484888352653,-0.03613220128790864,-0.03392411058682351,-0.03279841528209126,-0.032504233479099996,-0.032804994063248286,-0.03348720641245125,-0.03436539323867835,-0.035283903468095276,-0.03611641286698732,-0.036763873721317716,-0.037151553677179594,-0.037225656191102324,-0.03694987232530248,-0.036302092690266886,-0.03527141584661443,-0.033855526403480656,-0.03205848156796039,-0.02988893989452055,-0.027358897203694832,-0.024483081836230804,-0.02127935302463493,-0.017770858668412166,-0.01399163617140142,-0.009999599137808136,-0.005907080095186952,-0.001960082276437389,0.0011987766584937753,,,,,,,,
0.9447508111460801,,,,,,,,,,,0.03273515936689495,0.020890281068807432,-0.027293001224796158,-0.09221577036664731,-0.1647587538109674,-0.23875644815422542,-0.3098334126561383,-0.37496228309028234,-0.4320539596009135,-0.4794555880079265,-0.5153714788265961,-0.5372847253286405,-0.5415613697734438,-0.5236425800377489,-0.4795041008855758,-0.40884923473713897,-0.31881622658157416,-0.22439231661000256,-0.14272268401127963,-0.08509604179205364,-0.053629012347299346,-0.04388574203013742,-0.04921348565019068,-0.06355383257854244,-0.08239791133391,-0.10272850455283138,-0.12264695817227803,-0.14100431708240413,-0.15712623505194323,-0.1706305983079565,-0.18131394752845575,-0.1890836539256558,-0.19391906143783105,-0.1958505909963446,-0.19494991436939857,-0.19132692126175144,-0.18513074905970303,-0.17655298311184783,-0.16583152629787226,-0.153253764039711,-0.13915765965602508,-0.12392943566683158,-0.10799665359967746,-0.091815903435298,-0.07585500907791827,-0.060570612578926174,-0.04638306358615362,-0.03365145172513859,-0.022652080432376577,-0.013563467993782056,-0.00646003764785339,-0.0013152189354728803,0.0019868988141915236,0.003633527803737009,0.003861657339142236,0.002936006074638259,0.0011289181090267904,-0.0012961467273018884,-0.004096760085922702,-0.007059293519141586,-0.010002813404347494,-0.012779884928831151,-0.015275142721272011,-0.017402423600038935,-0.019101121321927303,-0.020332263739373205,-0.02107466163214547,-0.021321352842491564,-0.021076471877026545,-0.020352614765102063,-0.019168741075389933,-0.017548661367713467,-0.015520207940084832,-0.013115303964733333,-0.010371389248101649,-0.007335167631026543,-0.004070754922503408,-0.0006769710052013705,0.002674264088235092,0.005642795817649865,0.007423802543692852,0.004889729598422224,,,,,,,,
0.9590599906241887,,,,,,,,,,,0.03907377846278002,0.009151942884303394,-0.047148926301661995,-0.1164569105334528,-0.19071231928985194,-0.26417844337223406,-0.3328259607235859,-0.3939897286683366,-0.44595061302301864,-0.48741259893139144,-0.5169301927851367,-0.532379934107141,-0.5306539811854584,-0.5079363822632865,-0.46111072477955123,-0.3905652534589405,-0.3031899220779218,-0.21240815425205697,-0.13322010316831873,-0.07552687719810144,-0.04135360984777894,-0.026968982132595444,-0.026540946794086577,-0.03461903986618706,-0.04705681988869434,-0.061026955374033534,-0.0747231326920022,-0.08704147619458238,-0.09733391907183675,-0.10524055793894603,-0.11058328527724104,-0.11330133113440886,-0.11341384578992318,-0.11099942037186639,-0.10618600128645801,-0.09914697709439477,-0.09010061072475753,-0.07931076417699735,-0.06708725903922036,-0.053784419841825755,-0.03979650957668472,-0.025549015768323396,-0.01148518082741629,0.0019521590590275135,0.014342488337349758,0.025311397553023172,0.03455356752033161,0.0418519022391703,0.047089993120191034,0.05025597855642414,0.05143722509013235,0.05080676236869815,0.04860366533943202,0.04511029610085478,0.040629385459971676,0.03546344148460595,0.02989814312333535,0.024190467724668523,0.01856151647366673,0.01319345303410742,0.008229679454873882,0.0037772992481773125,-8.90075752897626e-05,-0.0033224176768747496,-0.005899245422144922,-0.00781444150626356,-0.009077538879692999,-0.009709172971046494,-0.009738238595556942,-0.009199718332832129,-0.00813322791084338,-0.006582382145337633,-0.004595215257790694,-0.0022261513992972892,0.000459446126700792,0.0033759747272854275,0.006398700855374731,0.009323433395254876,0.011771006903945024,0.012910867498037442,0.010148741733598546,,,,,,,,,
0.9733691701022973,,,,,,,,,,0.030224565670227146,0.03553082845790227,-0.006831236432590271,-0.06966642359487354,-0.1421209936294868,-0.21678986009784218,-0.28835091970535404,-0.35321294993370683,-0.40918692595766115,-0.4550266321266491,-0.4898772231228062,-0.5127123674914178,-0.5218560854402019,-0.5147494423202007,-0.48826812779532064,-0.4400219207898723,-0.3707660964839051,-0.28681652380856004,-0.19990243278564093,-0.12298463691558864,-0.06474829490881942,-0.027233818244916518,-0.007470201008384431,-0.0004960437681178024,-0.0015224022266197889,-0.006813364516331945,-0.013767653864718924,-0.02069530256323449,-0.02655218128681009,-0.03072502360257833,-0.032880972687350955,-0.03286997373676889,-0.0306644646696859,-0.0263236118000449,-0.019973047933588388,-0.011794033651515028,-0.0020179667606071137,0.009076595222858948,0.02116650797585518,0.033887885630963246,0.046842582658722605,0.059608340718447984,0.07175316354621027,0.0828538322947824,0.09251765465227058,0.10040566126692534,0.10625471538332429,0.10989562019959175,0.11126448750059822,0.110405433225136,0.10746396412187645,0.10267191460167498,0.09632610642076235,0.08876371541032979,0.0803374866187301,0.07139349273529495,0.06225328678060035,0.053201324482914474,0.044477655751547406,0.03627524931283342,0.028740961928050344,0.021979060833868275,0.01605628374289956,0.011007596771687764,0.0068420218701134615,0.0035481071516714094,0.0010987811973356628,-0.0005445440426651079,-0.0014286789320601876,-0.0016061928954621816,-0.001133813544476164,-7.177931795558442e-05,0.0015156291011508953,0.0035578881893131723,0.005973343267182911,0.008659504308245872,0.011473871546603539,0.014194209639923617,0.01642796973309656,0.017366065445490356,0.014796419284953934,,,,,,,,,,
0.9876783495804059,,,,,,,,,,0.04497389905777576,0.025552299832459942,-0.026431028265599052,-0.09428859301303899,-0.1684522844215639,-0.24203984722010488,-0.31022411953430484,-0.369978947081391,-0.4197045593593149,-0.4587079417870012,-0.48662525600189876,-0.5028768136803569,-0.506239510898854,-0.4946689020619021,-0.46562042589048885,-0.4172049359278867,-0.3502328422323746,-0.2701878224452013,-0.18706851751310427,-0.11197525795069489,-0.05258919996767925,-0.011085823982226921,0.014700100831305232,0.02883391801135798,0.03541634126902545,0.03774677594322788,0.038180185131423294,0.03827710691758105,0.03901493447356678,0.04096947189681305,0.04444671446135606,0.04957076711048188,0.05633958658306591,0.06465906186326158,0.07436329291083274,0.0852265785869615,0.09697095062435421,0.10927200443623683,0.12176508874678578,0.13405343775209239,0.1457194045252708,0.156339461843296,0.16550300308634333,0.1728341934174887,0.17801526519746316,0.18080888147134505,0.18107672274843095,0.1787914900259613,0.17404016818700874,0.16701759596425084,0.15801089507815005,0.1473767562139713,0.1355146024071858,0.12283902305787374,0.10975456974561223,0.09663519273079592,0.08380954456283124,0.07155235578949232,0.060081290908367065,0.049558205703386836,0.04009354002328256,0.03175262404635944,0.024562862018253466,0.018521003936696118,0.013599962848738663,0.009754847418302532,0.006928039895368858,0.00505325493951924,0.004058567032196664,0.0038683950997107424,0.004404377433351544,0.005584937736880848,0.007323082063587894,0.009521454279100696,0.01206262246443062,0.01479022008884173,0.01747075793207236,0.019709238871616543,0.0207311890000331,0.01860703436157651,,,,,,,,,,,
1.0019875290585145,,,,,,,,,,0.04525352670428758,0.010547006042307667,-0.04896344397513436,-0.1202156905383707,-0.1944498347843657,-0.2653357156625912,-0.3286781207740085,-0.3821486582444834,-0.42482551782125405,-0.4566104609710341,-0.4776376844766381,-0.4877583182525083,-0.4861630789435488,-0.4712420633419968,-0.4408794574872822,-0.39344858430862123,-0.3295366148850283,-0.25361338444137516,-0.17398990433006276,-0.10013257859425954,-0.03894912418070426,0.007128322624229314,0.03942594813677241,0.06110980805664385,0.07559002950171474,0.08572436081341821,0.09361682371129426,0.10069661047451262,0.10787548677301767,0.1156953990214314,0.12444097260648504,0.1342173479870907,0.14500121562875534,0.1566732675313033,0.1690386627903292,0.18184037126154315,0.19476891917111258,0.2074711293430066,0.21955979856407631,0.23062573563011904,0.24025306457810727,0.24803808447689946,0.25361123085746856,0.2566608390480683,0.25695658497516927,0.2543698643643883,0.2488881813300875,0.24062101392073712,0.22979563289210847,0.21674281105903961,0.20187394991511262,0.18565247583531908,0.1685630958629703,0.1510825088060969,0.13365451446529444,0.11667139343592438,0.10046224750741699,0.08528796111668155,0.07134172719558655,0.0587537183047253,0.04759842861549177,0.03790337029516744,0.02965807835953836,0.02282267807207581,0.01733554284216211,0.013119788683896872,0.010088503130370383,0.008148692211696852,0.007203951502370233,0.007155824159391983,0.007903683943923831,0.009342727928241751,0.011359169979890768,0.01382072539874573,0.016558294814777042,0.019329494717708662,0.021740091290170006,0.023049316349562077,0.021535451659430334,0.009539551990234684,,,,,,,,,,,
1.0162967085366232,,,,,,,,,0.042024961016007674,0.03755718158436201,-0.008457454767493152,-0.0735345429383033,-0.1463725419426614,-0.21888859404898117,-0.2854321238992885,-0.3425965709935759,-0.3888600794069392,-0.42402295447931376,-0.4485747133718914,-0.4631100872478336,-0.46785590705484836,-0.46234210912016654,-0.44528269705521717,-0.41482225970905706,-0.3693699307723866,-0.309063503817034,-0.23725445875983064,-0.16067162444517122,-0.08739922963250091,-0.02380293409556081,0.027314188916640524,0.06641951354399747,0.09579618388193784,0.1181828281890811,0.1360093647401138,0.1511390409112361,0.1648786708345144,0.1780834794841192,0.191271229239069,0.20471556069358218,0.21851380315634703,0.23263337998679987,0.2469427278392236,0.2612320293612564,0.2752279316518831,0.28860541553748004,0.3009992078957899,0.31201652654426343,0.32125240450670933,0.32830825501161354,0.332813643008528,0.33445041414721627,0.33297746543271195,0.32825367133546424,0.3202560108641919,0.309089980937815,0.29499005267257045,0.27830919311806457,0.25949810752477664,0.23907648254770236,0.21759972532146496,0.19562520434219194,0.1736817236337973,0.15224504439096348,0.1317210029043016,0.11243649042441092,0.0946375207516007,0.07849295098706251,0.06410215170665218,0.051504969530924156,0.04069257435024682,0.03161812422278316,0.024206527346039845,0.018362878644726265,0.013979372445948985,0.010940635237857809,0.00912748502296271,0.008419106359418147,0.008693520803919783,0.009825990767660416,0.011684518886704626,0.014120650221872871,0.016951738947261007,0.01992602049749567,0.02264886338565652,0.024406091756150973,0.023625926307390587,0.014758195473287982,,,,,,,,,,,,
1.0306058880147317,,,,,,,,,0.04847862991676562,0.024156116925376864,-0.030379006906190237,-0.09897639974056961,-0.17142789796179966,-0.24038822616215139,-0.30106126379174336,-0.3509677222037505,-0.38945081999010783,-0.41701959286315743,-0.4346937441719556,-0.44345155287290317,-0.4438102991004213,-0.4355416077118626,-0.4175588890239721,-0.3881021614653154,-0.34542156798416274,-0.2890413199637577,-0.221159942374622,-0.14707273436340834,-0.07373902822537581,-0.007201393233065963,0.04926506168450011,0.09526274330369297,0.13222514098034754,0.16225692384138318,0.18739080943779363,0.20927284936301985,0.22910636420169897,0.24770622057287772,0.26558073646638375,0.2830066170102648,0.30008719979152265,0.3167945148488277,0.33299882528454616,0.3484896589519092,0.36299180415839283,0.37617906335159124,0.3876879480080301,0.3971329545060835,0.40412451448107917,0.40829008861349936,0.4092981254308914,0.4068837498679563,0.4008741700447626,0.3912110625596834,0.37796683251859853,0.3613518450089326,0.34171058898442447,0.3195061860737698,0.29529442265313544,0.26969015383271416,0.24333008525197816,0.21683630349460714,0.1907844529479831,0.1656793353063888,0.14193927437037185,0.11988919985810291,0.09976132712919614,0.08170167108745774,0.06578042402941187,0.052004351917699386,0.04032969011882305,0.030674425015523303,0.022929240361781,0.016966731502129098,0.012648721424642859,0.00983164345978667,0.008369985490949906,0.008117711274444855,0.008927351771578175,0.010646001034215063,0.013106531177633907,0.016110396231763177,0.01939390191741736,0.0225580528427868,0.024905027258064035,0.024966006364587363,0.01819877199963589,,,,,,,,,,,,,
1.0449150674928405,,,,,,,,0.020216881191703368,0.044406353706947316,0.006631992264133134,-0.053920154376022045,-0.12385022566526745,-0.19386600022227876,-0.2575242046689878,-0.31105588483019997,-0.35299437070106554,-0.38353795165844445,-0.4038303049406888,-0.41531969316601397,-0.4192625443011818,-0.4163643168087407,-0.4065327558910083,-0.3887593093690048,-0.3612353872959762,-0.32190198428146083,-0.2695680903441051,-0.20530098292887572,-0.13313445396513635,-0.0591500310775999,0.0107346489916905,0.07268733564914144,0.12545214301777124,0.16966046780071967,0.20683613638833379,0.23865961923106915,0.2665947230284881,0.291768278471079,0.3149763274922219,0.33673574675390366,0.3573421115050347,0.3769192359153647,0.3954574037152114,0.4128417887784742,0.4288738384585574,0.4432884226870243,0.45576919137140265,0.4659641348285926,0.47350286807149655,0.4780166277866815,0.479161329361676,0.476643252786046,0.4702460384392578,0.4598567804717656,0.445488287146116,0.4272942600997045,0.4055744323289693,0.380767691209698,0.3534328042514163,0.32421826108862134,0.2938245040532584,0.2629629978536018,0.23231689631216315,0.20250746522047716,0.17406913311534297,0.14743444087384364,0.12292863776835804,0.10077251505290138,0.0810914087541684,0.06392812298061129,0.04925770864502406,0.03700242924219023,0.027045716338393082,0.019244360600442715,0.013438538737369256,0.009459514681840435,0.007134964872727411,0.00629185367724613,0.006756596620132168,0.008351812749340007,0.0108880726631714,0.014147168976763833,0.01784916402910051,0.02158453931815182,0.024659472022035382,0.025667683586108294,0.02063577262405201,,,,,,,,,,,,,,
1.059224246970949,,,,,,,,0.04303625683839483,0.033896589863675705,-0.01346408149984685,-0.07752726829557478,-0.14651111986608512,-0.21210652279137573,-0.26896950977907325,-0.3144812224657136,-0.34819301149247855,-0.37107360632820213,-0.3847744027805206,-0.3910406603689386,-0.39128862218658084,-0.38630781532449765,-0.3760434971820701,-0.35946159044388704,-0.3345939028222728,-0.29897146256426893,-0.2506418113320721,-0.189601881803546,-0.11880148256002591,-0.0436703525522104,0.029825495395552487,0.09722813775421209,0.15644177600749523,0.2073553604083882,0.25097780389993646,0.28869374581954227,0.3218283159912068,0.3514643746617864,0.3784035617753306,0.40319024177506624,0.4261542043253872,0.4474527687914405,0.4671059572904883,0.485024197705999,0.501030185168006,0.5148770993576537,0.5262653160066152,0.5348594612959352,0.54030725907086,0.5422611161763656,0.5404027487915228,0.5344703553971433,0.5242869242230873,0.509787334570864,0.49104116132630177,0.46826775880409743,0.441840503621116,0.4122781237431203,0.3802227425574933,0.3464063094974441,0.31160899921352797,0.27661445269110757,0.24216707720066447,0.20893596451915447,0.17748855901298644,0.1482754216550416,0.12162573230408816,0.09775188010904226,0.07676076217288691,0.05866922485799718,0.043421308853906125,0.030905424499714125,0.020970126990431083,0.013437663232621628,0.0081148515144012,0.004801095967207161,0.0032934102903766135,0.003388199951479872,0.004879151975455831,0.0075497081105265085,0.011156749847671227,0.015397972683854894,0.01984501324709106,0.023793553780213597,0.0258624892855209,0.02240094587060653,,,,,,,,,,,,,,,
1.0735334264490577,,,,,,,,0.04545442213822961,0.019325415582219126,-0.034418341196286124,-0.09943363413330619,-0.16523069139822982,-0.22466254003106723,-0.2736486016531311,-0.31075417264540267,-0.336462406481173,-0.35236184155227707,-0.360449901348243,-0.362626739869566,-0.36035432316968363,-0.3544148292918334,-0.34471177000610287,-0.3301096917319351,-0.3084080958608471,-0.27667377781671765,-0.23218979333701706,-0.17396553128259584,-0.10403588815702838,-0.027377666385278054,0.04984706021249058,0.12250207817176512,0.18768069556092543,0.2445992510161315,0.29382769116207214,0.3365193996116494,0.3739096415947707,0.4070721836920879,0.4368387613696942,0.4637986462801257,0.4883286593256132,0.510629497781196,0.5307588643656281,0.5486589968382517,0.564179217874404,0.5770951929745711,0.587126800106801,0.5939563709734071,0.5972487398111419,0.5966740662313198,0.59193376617459,0.5827890766141312,0.5690908283527776,0.5508080159853567,0.5280519286299885,0.5010921933619902,0.4703613325625158,0.43644548720861676,0.40006074689631393,0.36201674282370017,0.32317129638562037,0.28438142437083874,0.24645648312318727,0.21011858709561018,0.17597388735917283,0.14449629491622556,0.11602328687366271,0.09076193420774302,0.06880243047899595,0.050136172731005804,0.034675701851415885,0.022274346890756032,0.012744044471623247,0.005870376139602364,0.0014242925276645754,-0.0008297789083009202,-0.0011297592814383068,0.0002836736660057307,0.003160601567394459,0.00722597221418345,0.012146841605970847,0.017465113502472342,0.022448691131227827,0.025704272851513915,0.023734849378678268,,,,,,,,,,,,,,,,
1.0878426059271662,,,,,,,0.018428643598711512,0.03989141435625502,0.0027767132201064523,-0.05433477249640118,-0.11777593747082825,-0.17836866010096192,-0.23031739681819616,-0.2708786892657958,-0.2997260493590746,-0.31810457986634194,-0.32802867754330733,-0.33167016793601106,-0.33095214490560926,-0.32728774768590124,-0.3213839604069775,-0.3130500696174927,-0.30100489286711823,-0.2827798698024893,-0.25496177464184994,-0.21409536934804071,-0.15829240545989698,-0.08882420678838303,-0.010384176548531751,0.07054627713119888,0.1481148304736444,0.2186426764840457,0.2807517970898149,0.3346561539349775,0.38134692314721863,0.42201984456390024,0.45777352439240815,0.48949166611443734,0.5178222747385526,0.5431979640467139,0.565868476110505,0.5859329528938407,0.6033679269975131,0.6180508196542418,0.6297802473131656,0.6382948913980264,0.6432926676713077,0.6444516763816827,0.6414539836977726,0.634012670292165,0.6219017689618251,0.6049877244721213,0.5832599459455405,0.5568570790483288,0.5260850730227065,0.4914232415210468,0.4535155101233255,0.4131458937868346,0.37119966326788195,0.3286141044709278,0.286324617878692,0.24521264194876,0.2060613273266229,0.16952323496412347,0.1361020726139011,0.10614821204214307,0.07986593161613575,0.05732926532124834,0.038503024746828304,0.023265832595001267,0.011432623377536111,0.00277479327289494,-0.0029631667860935728,-0.006051265960609934,-0.006766375884635697,-0.005390109006425769,-0.0022137464390216094,0.0024464074373824396,0.008215691006477925,0.014592005887670944,0.020794242846978877,0.025376589191229287,0.024860207570932446,,,,,,,,,,,,,,,,,
1.102151785405275,,,,,,,0.03838587515828523,0.030222760697494057,-0.013647473991677869,-0.07122635062376279,-0.13077518301025262,-0.18457334121197233,-0.22829083848441292,-0.2604687632151194,-0.281707760043011,-0.29378896055049625,-0.29894717066908333,-0.29937277720511113,-0.29690712513725365,-0.2928495105485959,-0.2877925228512662,-0.28142702428594824,-0.27231130153344096,-0.2577038604211043,-0.23372374969592244,-0.19622004855265093,-0.14249303203269334,-0.07317908922387094,0.0071710508538909215,0.0916557024160902,0.17368228784747172,0.24884763725517095,0.3152641683354381,0.37287663122299636,0.42258363926619685,0.46558959500694314,0.5030479420209464,0.535911431254695,0.5648956261963232,0.5904928551151941,0.6130030637750468,0.6325664736990659,0.6491926734896317,0.6627853136675722,0.6731634628861145,0.6800813252811801,0.6832480991345155,0.682349560040003,0.6770725606576105,0.6671330489652728,0.6523073936514268,0.6324657775453849,0.6076052619967832,0.5778790247547699,0.5436175186356503,0.5053372205585145,0.4637335081382513,0.41965607841653935,0.3740679644621159,0.32799205097587664,0.2824513078024159,0.23841009700096455,0.1967235423227156,0.158100214929429,0.12308081498589286,0.09203282018240638,0.06515885284313286,0.04251515026157081,0.024036065906875584,0.009560803389014478,-0.0011407040047763562,-0.008345008643737873,-0.012356961108336468,-0.013497172568862513,-0.012096173629447003,-0.008496980007837586,-0.0030696077361038942,0.0037546259315504784,0.011410688549521094,0.01904160914269393,0.025102754176836817,0.026008130886343243,,,,,,,,,,,,,,,,,,
1.1164609648833834,,,,,,,0.041280029355156025,0.01919898338582765,-0.027819485661293008,-0.0831956232488019,-0.13695998124856015,-0.18297505384515944,-0.2183565616697333,-0.2427490550315821,-0.2574260951044142,-0.26446313969721613,-0.266130815196271,-0.26451792897794185,-0.26131618318006905,-0.2576783622342347,-0.2540710224999053,-0.2500670911663138,-0.2440732389227914,-0.23309286048212416,-0.21280762424307434,-0.17842005304679862,-0.12649463599966737,-0.057137063255314334,0.02513081238399506,0.11290623788266232,0.19884495115237671,0.277875264606457,0.3476891908907516,0.40804939167518267,0.45982838029595735,0.5042820123510392,0.5426423138847488,0.5759419945323966,0.604967396831794,0.6302696046615139,0.6521957604039667,0.6709232764943491,0.6864905778396396,0.6988231682916193,0.7077559877869809,0.7130537998508976,0.714431496623606,0.7115760572696248,0.7041715442945168,0.6919279640607948,0.6746140139086015,0.6520926737007747,0.6243573330642875,0.5915648501768599,0.5540609137852176,0.5123927139494467,0.46730458239464895,0.4197141173586959,0.3706691944651188,0.32128961804790385,0.2727001350487324,0.22596326031637992,0.18202032164591803,0.1416473481110714,0.10542945403268421,0.07375406759364622,0.04682053628628739,0.024661831673700178,0.00717340123774624,-0.005855522465262779,-0.014712017999634428,-0.019733848203078552,-0.02129017130211213,-0.01977030567751315,-0.015582694364121645,-0.00916797563571936,-0.0010345094093311368,0.008164297101719143,0.017460948426813845,0.025156451715729063,0.027428711878166367,,,,,,,,,,,,,,,,,,,
1.1307701443614921,,,,,,,0.038885485590870926,0.009246970193617192,-0.03773560301933169,-0.08867575508480126,-0.13538762474693272,-0.17332338829401636,-0.20087536134989975,-0.2185167952390273,-0.22791668232114082,-0.231227963343862,-0.23061705536053811,-0.22799610904322845,-0.22487660993570183,-0.22226066723179588,-0.22049903276549765,-0.21906529267754124,-0.21623981011617877,-0.2088034051365568,-0.19204079316388298,-0.16055713454735532,-0.11024310271821654,-0.0407538734777682,0.04332842975508936,0.1340375018817426,0.2232778380625261,0.30537201401703945,0.37768264858086825,0.43987431120297654,0.4928533229499694,0.5379618767523555,0.576526637138546,0.6096645021416216,0.6382303534270767,0.6628287442245668,0.6838476164811822,0.7014950303772753,0.715831941683632,0.726799693670125,0.7342432481728813,0.7379320224821411,0.7375803807549348,0.7328697110754733,0.7234737094895131,0.7090879761666901,0.6894642469383613,0.664448489032414,0.6340207052414875,0.598332762397571,0.5577391929184157,0.5128151579207039,0.4643560910226083,0.4133552978645878,0.36095893270840623,0.30840176745204395,0.2569310216517238,0.20772810446152162,0.1618386001698405,0.1201190382854923,0.08320549586687698,0.05150494040190523,0.0252065418679773,0.00430772490816451,-0.011351264009818781,-0.022050259820263724,-0.028154557915562657,-0.03008661791891481,-0.028307126381778923,-0.023308477302876416,-0.015625281883949082,-0.0058710789807092266,0.0051779047347751215,0.01639851758930596,0.025869445351328197,0.029390212828715758,,,,,,,,,,,,,,,,,,,,
1.1450793238396006,,,,,,0.03235521908200433,0.03527417039843955,0.0025260905584018785,-0.041758114706889206,-0.08667501893485392,-0.1257994574381932,-0.15602167064506248,-0.17672642058526178,-0.188906924537117,-0.19437723465959186,-0.19520426727489237,-0.19336420470702487,-0.1905606345809919,-0.18812477676991382,-0.1869243810089491,-0.1872187214698093,-0.18841151029225084,-0.18869169198465535,-0.1846584328779923,-0.17124472450185352,-0.14250431165730765,-0.09370154388627706,-0.024098571709751333,0.061595682960027105,0.1548058143529952,0.2466965601252675,0.3310529343106682,0.40499822866583723,0.468176501615004,0.5215785219793914,0.5666581958352906,0.6048446677900461,0.637336826256674,0.6650511028899313,0.6886368295332753,0.7085139370426335,0.7249128748210942,0.7379095928184841,0.7474543687514966,0.7533956972923713,0.7555013074263228,0.7534785612479948,0.7469963950808318,0.7357107011072674,0.7192945882411523,0.6974742191110097,0.6700698083703142,0.6370398586673512,0.5985249076263781,0.554885258712971,0.5067258768356717,0.45490147974587286,0.40049640177635765,0.34477722076716716,0.28912095678424427,0.23492673148757176,0.18352261096465097,0.13608064947422396,0.09355141109931664,0.0566250180484131,0.025720402821432075,0.0009994740406598765,-0.01760051403223693,-0.030324556157911464,-0.037555398949283156,-0.03977369852579982,-0.037528256601264555,-0.0314211568863341,-0.02211371947033922,-0.010363713090170455,0.00288328652029604,0.01629014467146681,0.027630457969322834,0.03216346872899395,,,,,,,,,,,,,,,,,,,,,
1.1593885033177094,,,,,,0.041457528555527375,0.03318506944135694,0.0007512752791255711,-0.03886980677504278,-0.07694367737237486,-0.10865133822105258,-0.1320381713851001,-0.1471504005546177,-0.1552194744754293,-0.15801541018946927,-0.1574187305317648,-0.15517892615055548,-0.1527923540878088,-0.1514299589303221,-0.15185281107318402,-0.15425966347619122,-0.15801853075873007,-0.1612662166200793,-0.16046534064017412,-0.15024442206444052,-0.12414757875802045,-0.07684665073345918,-0.0072471893248878365,0.07976970862020959,0.17499003026795248,0.2688603566897655,0.3546997664109774,0.42947841159996053,0.49288812370857016,0.54604359618173,0.5905256394467718,0.6278657796973911,0.659337094690767,0.6859068765851293,0.7082582081800717,0.7268327633779587,0.7418742495589656,0.7534655356448574,0.761558580776987,0.7659986818208383,0.7665453593964668,0.7628923712697133,0.7546892723453721,0.7415667365902907,0.7231674749286451,0.6991839069506163,0.6694026348192309,0.6337541302555427,0.5923639161148202,0.5455991691561186,0.4941026534992745,0.43880503599159837,0.3809077968141379,0.3218326359752922,0.2631391957229771,0.2064197629379124,0.15318533143262753,0.10475996948159533,0.06219880072063148,0.026239538278791736,-0.0027097933792589414,-0.024551286079042087,-0.03945493133342009,-0.04780505254957729,-0.05014639577044847,-0.04713934671702566,-0.03953232466881749,-0.028159643390829377,-0.013977245831440107,0.0018381646169519832,0.01766222797664899,0.030866003728250442,0.035985106075337746,,,,,,,,,,,,,,,,,,,,,,
1.1736976827958179,,,,,,0.047099065838554055,0.03457701533555661,0.004965061509397331,-0.028838549045065096,-0.0599915100746063,-0.08499767090152814,-0.10271586976885463,-0.11354711102930022,-0.1187467763924512,-0.11992353531869593,-0.11872731202424996,-0.11668086456947872,-0.11509491028159428,-0.11500966990741036,-0.11711078368365029,-0.12156834517636275,-0.1277492273389814,-0.13377843432222944,-0.13602905514968025,-0.1288735477875798,-0.10538474954242955,-0.059663797026900556,0.009723488876702263,0.09769880903879664,0.19439558801402548,0.28957287333141535,0.3761566045274215,0.4510432091158386,0.5140289716663478,0.5663797910519185,0.6098085389029998,0.6459419614295675,0.676115086220072,0.7013328439957148,0.7222997344141594,0.739468336587396,0.7530862638095003,0.7632351643991795,0.7698613910066777,0.7728002366010885,0.7717963446830185,0.7665230392409778,0.7566032794777919,0.7416348197897029,0.7212218838856903,0.6950150879707472,0.6627602690387172,0.6243551036865226,0.5799098738885152,0.5298056487320055,0.47474011567929475,0.4157493729672878,0.35419449918655505,0.2917056913711176,0.23008425974118574,0.17117229599628492,0.11670850069298042,0.06819322184389652,0.026784193109825806,-0.006762907980013262,-0.032105538438781965,-0.04928368986215025,-0.058661337703655884,-0.060856475728460105,-0.056675624589245424,-0.0470665510969769,-0.03310176126239976,-0.01600831631339372,0.0027271514579080493,0.021106455271528057,0.035991473957782405,0.040993923060527515,,,,,,,,,,,,,,,,,,,,,,,
1.1880068622739266,,,,,0.017951299099666144,0.053393099175624396,0.040607574734910286,0.015400461694415368,-0.012209992127618512,-0.036937588098070705,-0.0562634976410281,-0.0695381924541123,-0.07728164765454751,-0.08063791345210684,-0.08099952010807726,-0.07978150571703232,-0.07830090054390969,-0.07771288305280058,-0.07895797513599367,-0.08267586640045019,-0.08903718343416084,-0.09744007156940512,-0.10603736744836118,-0.11116066583244895,-0.10697632251420876,-0.08612251597501615,-0.042141605826376646,0.02674177110072501,0.11524726822427661,0.2128571769013709,0.308681388159203,0.39532416740566506,0.4696781830758114,0.5316876148952299,0.5827844284613469,0.6248094800169609,0.6594717647106927,0.6881528709819956,0.7118807278887943,0.7313684828292935,0.74706882243492,0.7592241147976853,0.7679068265195418,0.7730504697273212,0.7744734033807549,0.7718984012508519,0.7649710049974666,0.7532796873972506,0.7363808391704855,0.7138314779400046,0.6852321596099802,0.6502815652379629,0.6088423235338205,0.5610145831765379,0.5072097413599516,0.4482122001797852,0.3852134483964989,0.31980216778742143,0.2538984068943445,0.18962986667782403,0.1291622874197798,0.07450947688559167,0.027356226104972535,-0.01107457288635222,-0.04009067705515332,-0.059531732057188896,-0.0697152814115021,-0.07134989698721332,-0.06544089216205656,-0.05321209682593453,-0.03606394734969597,-0.01558869089951626,0.006324048464324543,0.02721086023461904,0.04332285102274299,0.047141779777595136,,,,,,,,,,,,,,,,,,,,,,,,
1.2023160417520353,,,,,0.04298527001502172,0.06222350197643232,0.051592804513692726,0.03152651366421078,0.009880801814818596,-0.009244693831620993,-0.023980030793141385,-0.03391657283277141,-0.03954128756313212,-0.041819658595194216,-0.041916878164636295,-0.04103124936105802,-0.04030329646583331,-0.040762991006808205,-0.043278711288176244,-0.04846903908400316,-0.05652992177675088,-0.06691988659356429,-0.0778577763501146,-0.08568266406152773,-0.08440738060584853,-0.06627263653523235,-0.02426648003730512,0.04374640807820377,0.13229934314033878,0.23024040595572295,0.3260750646885576,0.4121534644424414,0.4854227146809342,0.5460041566242295,0.595498727337053,0.6358632024479408,0.6688714628913005,0.6959343615252567,0.7180877114522496,0.7360407495945305,0.7502359043490239,0.7609015351863712,0.7680931647646843,0.7717241639902365,0.7715886567115434,0.7673798664522735,0.7587072164049692,0.7451155818758152,0.7261102492697379,0.7011912495593512,0.6699005525471654,0.6318847320726397,0.5869736312484725,0.5352717817286113,0.47725369164693165,0.4138472292978236,0.34648307248932614,0.2770857789844455,0.20798711251764831,0.14175682924761474,0.08096803962561565,0.027936275516105856,-0.015516318147889858,-0.048224673215733795,-0.06974584904314435,-0.08032696849562629,-0.08080192436368808,-0.07245579036010219,-0.056896895751383736,-0.03597071452993274,-0.011745490973529636,0.013391178242744424,0.03643418590867722,0.0529516508139366,0.05409531723754161,,,,,,,,,,,,,,,,,,,,,,,,,
1.2166252212301438,,,,,0.05934729578923665,0.07429118393587138,0.06711435673399832,0.05227217720678229,0.03600482910677117,0.021567054108676056,0.01043924865761579,0.00295466736096904,-0.0012605190736529955,-0.0029731076442462813,-0.0031342017464252698,-0.0027522975829863483,-0.002820496054870432,-0.004269592648413153,-0.007917699554523639,-0.014381498190107212,-0.023902144107607083,-0.03602399772673145,-0.04906838574211665,-0.05943200043293655,-0.06103066607702643,-0.04574799852088518,-0.006017448966805122,0.06069141344472329,0.14876261203550753,0.24644279842485908,0.34168267013831854,0.4266393884454395,0.49835908494967196,0.557155073991648,0.6047892005914984,0.6433155920645859,0.6745526660959561,0.6999224116396944,0.7204536462034362,0.7368397435066615,0.7495030895764504,0.7586496207999716,0.7643101624298745,0.7663702556216134,0.7645916750564674,0.7586291725487149,0.7480460884334772,0.7323327005515349,0.7109315886749588,0.6832747497250489,0.6488373804718962,0.6072125821863611,0.5582089136631462,0.501967782929799,0.4390894984824279,0.3707459310340241,0.29874692507265993,0.2255223677968423,0.15398915513791747,0.08729658190616446,0.028481252630722542,-0.01990066720096401,-0.05607931065502961,-0.07924578117011631,-0.08956858202534279,-0.08807412801430933,-0.07644866662253957,-0.05682958241963966,-0.03164534078446937,-0.003549860308927875,0.024501344864655165,0.04893141142755208,0.06461113276242553,0.06116283277943845,,,,,,,,,,,,,,,,,,,,,,,,,,
1.2309344007082526,,,,,0.07503950292633715,0.08949003568461895,0.0862732822183743,0.07633498202688939,0.06473137520061117,0.05414304762289643,0.04583696378881655,0.04016345611464497,0.03689211783018656,0.03544810925212414,0.0350709756175741,0.034914697233103364,0.03410881073246279,0.031801603901723326,0.027209393819081776,0.01970370309205325,0.008983019177817733,-0.004604641388390496,-0.019517755661321762,-0.03226213515220838,-0.03671832392668555,-0.024459177164068462,0.012638387606508594,0.07755034043682572,0.1645708310837633,0.26139435599452604,0.35547005476757937,0.43881453655423824,0.5086025868592129,0.5653401493821463,0.6109322877125541,0.6475069616372561,0.6769050559181801,0.7005415714648356,0.7194241292951986,0.7342190327217533,0.7453193378767627,0.7529002357889164,0.7569597101589948,0.7573468668224267,0.753781553358981,0.745869133980874,0.7331144730582977,0.7149396483112621,0.6907107208262869,0.6597798803821838,0.6215500288366759,0.5755685128522521,0.5216538932005157,0.46005255616045293,0.3916091420623257,0.3179166268459713,0.24139320860431096,0.1652245687484935,0.09312557763554524,0.02892314152221991,-0.023968819365796732,-0.06305295315802774,-0.08709205906015932,-0.09620760670032937,-0.09173819388616092,-0.07594149599751922,-0.05165610060705829,-0.022026724193375098,0.009635805933343327,0.03980358773914059,0.0643780246819732,0.07759160156317037,0.06728514804246838,,,,,,,,,,,,,,,,,,,,,,,,,,,
1.245243580186361,,,,0.007840375203154622,0.09157090944874914,0.10723820689955262,0.10799229767259584,0.10245814693548759,0.09483365037689306,0.08741497431000148,0.08136046681275334,0.07707903430833477,0.0744849115846844,0.07317630606490462,0.0725582243596306,0.07192331522350798,0.07050449393583448,0.06751486354877181,0.06219476025136803,0.05389508994668686,0.04224317529294721,0.02746123754142751,0.010921035540402246,-0.0040451260805754105,-0.011350420884303398,-0.0023120612243874047,0.031749528926115246,0.09431995711480226,0.1796863820720698,0.27505783730988065,0.36743754264139733,0.44874335245643093,0.5162926097387508,0.5707711630913755,0.6142015140440401,0.648758458328558,0.6762825936690784,0.6981643701779132,0.715376860332276,0.7285487233942103,0.7380345766531379,0.743970154200701,0.7463114367849201,0.7448608086437665,0.7392842640002987,0.7291239176415732,0.7138104576385677,0.6926810596429718,0.6650097388308268,0.6300589628881282,0.5871629598437518,0.5358531357778579,0.47603189186088407,0.40818943560937493,0.33363584067266067,0.254688557879143,0.1747243304388739,0.09799732904774461,0.02917031340430981,-0.027389521992646982,-0.06837342644616383,-0.09211111311829268,-0.09878207086096125,-0.09022694773876004,-0.0694858142873114,-0.04026366999803204,-0.006498920209049075,0.027860090005204476,0.05881217267169086,0.0818802179968535,0.09077041005778459,0.07109761714617972,,,,,,,,,,,,,,,,,,,,,,,,,,,,
1.2595527596644698,,,,0.05383995090586165,0.10916175033626264,0.12677984110490575,0.1312604226509044,0.12960438122969703,0.12538232073330802,0.12062729791795868,0.11644379108535115,0.11331040843984068,0.11127307075954217,0.11008058815894411,0.10928043687762393,0.10828472833763791,0.10641565973296162,0.10294178986018768,0.09712152150847957,0.08828044201437858,0.07596785055550319,0.06026568501047053,0.0423458772356499,0.025325356248663437,0.015183749301621348,0.020792866492275065,0.051382484711090026,0.1110231596038162,0.19410228620476522,0.28742877311613974,0.37761723060976005,0.45651648575133197,0.521584396208821,0.5736617515315015,0.6148562046489889,0.6473602036776491,0.6729913710019013,0.6930988619646435,0.7086085879629167,0.7201012544156932,0.7278835429843536,0.7320418954320201,0.7324792189786925,0.7289381756339071,0.7210155113622,0.7081722293240743,0.6897451964472373,0.6649673847158771,0.6330065071209576,0.5930350470318131,0.5443475218649145,0.4865406558696045,0.41976407559853357,0.3450263094438429,0.26449795850224156,0.18169641392055425,0.10139345300865146,0.029112430193276764,-0.0297795062735223,-0.07115856458543413,-0.09302280186100108,-0.09582171758050806,-0.08215616613341212,-0.05605820809739419,-0.022190258797378643,0.014760312904745132,0.05035958646599339,0.08034126087780534,0.10005511306362729,0.10278099192667281,0.07098885951705884,,,,,,,,,,,,,,,,,,,,,,,,,,,,,
1.2738619391425783,,,,0.07894715338889391,0.12759057781067804,0.14739997124420925,0.15526901448638006,0.1570181811184778,0.155748106586322,0.15330169324060022,0.15075382633822226,0.14864833795737398,0.14714462357297733,0.14612034706917268,0.14524589533702728,0.14403789646705434,0.14189790160469576,0.13814435580906204,0.1320512600829808,0.1229176149700016,0.1102114982569622,0.09386398487987159,0.07482046378254753,0.05592934743668771,0.042982061102269375,0.0449589250789848,0.0716224037406387,0.12771079739991503,0.2078436043471763,0.29853508484293073,0.38607001744136654,0.4622450596655452,0.5246409407490479,0.5742175927138031,0.6131305455126336,0.643559555654532,0.667277072969714,0.6855749728365336,0.69931972847207,0.7090333929825002,0.7149639737709639,0.7171366239409311,0.7153869959813631,0.7093810103046995,0.6986260683664952,0.682479450995012,0.6601612192615909,0.6307818721169864,0.5933994715797607,0.5471263480996557,0.49130952996075394,0.4258060274804341,0.3513536712409511,0.2699873863561957,0.18536567036128965,0.10278242181235506,0.02862918648801291,-0.030754678223578035,-0.07055646037780255,-0.08869705863948138,-0.08622429683753811,-0.06678049044842976,-0.035514788396167625,0.0020177236084012854,0.040591750468745164,0.07556530138216955,0.10267451547682205,0.11729018688191345,0.1122653408871963,0.06491509391231906,,,,,,,,,,,,,,,,,,,,,,,,,,,,,,
1.288171118620687,,,,0.10071669618581461,0.1465286648255868,0.16853265900173528,0.1794477358170198,0.18420883604574012,0.18555236298363914,0.1851737319106515,0.18412610712720598,0.18300747921031824,0.1820718875602065,0.1813064350431024,0.18048823185285315,0.17922689433346298,0.17699649264686168,0.17316255540569142,0.16701486572127275,0.15782744636970322,0.14498743602187802,0.12826873175258927,0.10836787959851944,0.08781364750736459,0.07212296114032543,0.07028852064356314,0.09257118002048628,0.14446185134192124,0.22096782948100688,0.308435968979668,0.3928819700806185,0.46605430064753506,0.5256242383827535,0.572625804140007,0.6092214968721292,0.6375475772737977,0.6593096815910318,0.6757267734565926,0.6875932111747973,0.6953603223903758,0.6992042578336461,0.6990733352729821,0.6947171595266431,0.6857024696759072,0.6714217262632391,0.6511020057349244,0.6238248982545359,0.5885734606139063,0.5443298652797611,0.49025540828022063,0.4259869422154504,0.35206701898394316,0.2704676229951229,0.18505293072988319,0.10168236843129999,0.027601501014464666,-0.03001234292098489,-0.06595785585767408,-0.07850257010076281,-0.0696914239932799,-0.04441495199670019,-0.008882735348163518,0.03072281168158882,0.06899173660494998,0.10140366763652574,0.12393512379048736,0.13208227833590075,0.11809475293708077,0.04895518576465688,,,,,,,,,,,,,,,,,,,,,,,,,,,,,,,
1.3024802980987955,,,,0.12107071264659106,0.16568331850816573,0.1897846818675265,0.20343786435436584,0.21089481624135578,0.21459987587076146,0.21612625621325848,0.21650557137134574,0.2163772157225967,0.21607251477740247,0.21567129576385216,0.21504405476226765,0.21388441390123916,0.21173429699613705,0.20800545058847372,0.20200560975290913,0.19298785997312898,0.1802620431030266,0.1634432441151461,0.14296254444603654,0.12098218225048409,0.10265523227119167,0.09687441405172828,0.11434204065645115,0.16138110173992226,0.23356358840722696,0.31721943600557184,0.3981593536689566,0.46807567849465403,0.5246847532446363,0.5690420591007352,0.6032736314379699,0.6294412869508271,0.6491624236139737,0.6635670147086028,0.6733630985433089,0.6789164401467515,0.6803141073276592,0.677406777708223,0.6698330577677637,0.6570318970895593,0.6382511286873854,0.6125635299937201,0.5789079231140484,0.5361823579656713,0.4834280861744433,0.4201504236095334,0.34680875242432807,0.26544199845823,0.1802474810459251,0.09772673855127643,0.02592179645628222,-0.027427674737614687,-0.05722145792834007,-0.0626185709752711,-0.04701747029021286,-0.016572473121820683,0.02173323715168988,0.061513731637116424,0.0975705006342468,0.12578108720393488,0.14249403573368696,0.143305317547376,0.11945562049263746,,,,,,,,,,,,,,,,,,,,,,,,,,,,,,,,,
1.3167894775769042,,,0.021800058911436923,0.14060116943825687,0.18484272184743042,0.21091184186266748,0.2270399947319641,0.23693989025613402,0.24281494408653354,0.24613212868625503,0.2478988191713314,0.24878375362740884,0.24918042000637977,0.2492472006662519,0.24893690645552108,0.24802000445963368,0.2461030599602059,0.24264446717594543,0.23697353421834866,0.22832849549837692,0.2159487694197583,0.19929405318193125,0.17852034928370963,0.15538342743779882,0.13458358089522598,0.12478600205337738,0.13704936213765356,0.17859306249756912,0.24574659617507252,0.3249975273501062,0.40202127379895614,0.4684362875820102,0.5219474950490958,0.5635733573137076,0.5953582792652394,0.6192584093850767,0.6367808892978575,0.6489489065428923,0.6563668467199264,0.6592954756367624,0.6577095878797815,0.6513345135167472,0.6396662137844719,0.6219834034263628,0.5973642002194054,0.5647268349301614,0.5229253799047148,0.4709464342564304,0.40826400390741435,0.33539602846992406,0.2546253778488835,0.170656731037083,0.09071519281140582,0.02349891869466832,-0.023130433539905095,-0.04481100568731385,-0.04213573841053736,-0.020028593477061592,0.014331546665266771,0.0536528731137661,0.09180598539398205,0.12412219281714794,0.14702527983925281,0.15723820891596693,0.15030847741035183,0.11575931168450386,,,,,,,,,,,,,,,,,,,,,,,,,,,,,,,,,,
1.3310986570550127,,,0.06912980424782805,0.15954121220446868,0.203873101087291,0.23177840344676734,0.2501600641225062,0.26229700097393605,0.2701897715329893,0.2752103401540028,0.27833873838478135,0.2802626767192282,0.2814250439334211,0.28205083642811357,0.2821658718959324,0.28161157242637824,0.28005684967905226,0.2770079710959401,0.27182043600926803,0.2637253785508822,0.25190168923923706,0.23566239175416856,0.2148870319922747,0.1908949097384484,0.16784974087672375,0.1540497133093617,0.1607922746986268,0.19623057333936478,0.2576513498530257,0.3318977548005636,0.4045883619722723,0.46724360472033455,0.5174923757019122,0.5562535022733825,0.5854432544482391,0.606879952518462,0.6219365051629738,0.6315079833311148,0.636072567119541,0.6357598577054033,0.6304015571813564,0.6195629502672614,0.6025628310797276,0.5784957047004747,0.546278630815408,0.5047586389494817,0.45293463163827563,0.3903610604334443,0.3177814906874402,0.23793376271142877,0.15622187299787427,0.08063336412139037,0.02025436101089145,-0.017525497671952175,-0.02975866027762657,-0.018851813733390323,0.008850562100843711,0.04559542579734296,0.08429126109386972,0.11943003128810696,0.14704177576914598,0.1641074989862126,0.16762482903454215,0.15284854676389567,0.1063630604860533,,,,,,,,,,,,,,,,,,,,,,,,,,,,,,,,,,,
1.3454078365331215,,,0.09744495790153847,0.17800248137570324,0.22269818843505332,0.2523171501135217,0.2727645029355993,0.2869651564692052,0.2967465646995733,0.30339462122473815,0.30785957893038596,0.3108397159032168,0.31281677335456004,0.31407231160995075,0.3146972103169359,0.3145988173982055,0.3135066062988445,0.310976330532819,0.3063948764373499,0.29899527153755523,0.2879084487074651,0.27231474439626385,0.25182504549630386,0.22730510710463855,0.20230917103445895,0.18462291111508514,0.1856306044125236,0.21441611112669542,0.26941653236909396,0.33804869621649497,0.40596522484997577,0.46456289664772094,0.5113254374573539,0.5470069668301717,0.5733477025596118,0.5919937653794635,0.6041559049713693,0.6105738607759053,0.6115695212976923,0.6071068728706955,0.5968368019776454,0.580128996107494,0.5561052938085398,0.5237004487773643,0.4817926073611511,0.4294663688835699,0.3664836736119583,0.29400445452023044,0.2154509646279569,0.13709731704664738,0.06763381270376141,0.01610990165297296,-0.011241972541198476,-0.01345389766006389,0.005157643683084125,0.037193744216747315,0.07485833514502752,0.11167579067493619,0.14295934043529251,0.16545827387093287,0.17662346638466644,0.17356876711599561,0.15092573293465242,0.08994102715954147,,,,,,,,,,,,,,,,,,,,,,,,,,,,,,,,,,,,
1.3597170160112302,,,0.12090855237959663,0.19604787496459875,0.24127610543409178,0.2724969556655619,0.2948468531665996,0.31095871253609536,0.32251111900193224,0.3307117391169758,0.33647964939572417,0.3405171887982105,0.3433363585183323,0.3452668098432323,0.3464575846445848,0.34687747373649475,0.3463149132850267,0.3443767849221991,0.34048671917119266,0.33388938520390676,0.32368248192828214,0.30893257129434926,0.28899931339742846,0.2642933896029592,0.23770394757574728,0.21636126721993984,0.21155199637429442,0.23323371961465883,0.2811615777120269,0.3435569285116393,0.40621340359787683,0.4603832913134914,0.5033359130632904,0.5355947363962582,0.5586739823904167,0.5740090591921028,0.5826141615082228,0.5850381830079875,0.5814078708500775,0.5714809434161052,0.5546924888216112,0.5302054665027452,0.49699473778314224,0.4540145932690384,0.4005221618866962,0.3366354201250319,0.26414410241196484,0.18738317429285625,0.11360113314476825,0.051983413999748894,0.010970789386692712,-0.005029695175001448,0.0026480173371873908,0.027987670682836203,0.06305152433562611,0.1004723365665515,0.13464019790832085,0.16173084392743953,0.17913160040019738,0.18462715703143542,0.1752609921789065,0.14458960653143077,0.062167874804490146,,,,,,,,,,,,,,,,,,,,,,,,,,,,,,,,,,,,,
1.3740261954893387,,,0.1419024794436272,0.2137137360590288,0.25957948104630263,0.29229870392467394,0.3164041816535324,0.3342861206936522,0.34749458771082736,0.35716631482620437,0.36418885782032223,0.36926378752690187,0.3729264378857528,0.37554736980508685,0.37732766858170985,0.3782933734610325,0.3782901908719544,0.37697746821833,0.3738206721369107,0.36808605820495055,0.3588542709961444,0.3451012297885167,0.3259622680843733,0.30140885926960703,0.2736330145708824,0.2489804029164438,0.23842975389272525,0.25268960155050096,0.292951408227833,0.34847157659625605,0.4053102560032604,0.45456669804660205,0.49323166339615737,0.5215326532600574,0.5407048048024599,0.5519278098209052,0.5559761562363167,0.5531635503473993,0.5433782462974556,0.5261397138195187,0.5006712504083576,0.46601818298076303,0.4212694337679184,0.36596334182160517,0.30075092538470116,0.22828455421860838,0.15401318598572164,0.08615014771945317,0.03399325094069322,0.004710733145728356,0.0003554081485147278,0.017275041306799462,0.04819274281108312,0.08515754494482841,0.12155922174611156,0.15273963096979212,0.17566900071400143,0.18824278633622094,0.18842973968495835,0.1729949042638363,0.1337329762462716,,,,,,,,,,,,,,,,,,,,,,,,,,,,,,,,,,,,,,,
1.3883353749674474,,,0.16133583898704945,0.2310146164525498,0.2775798159726287,0.3116978159571164,0.3374203640823007,0.35693484340994247,0.37168025263145427,0.38272934345320364,0.3909387213701932,0.3970057633252719,0.40148358112315,0.40477749121857465,0.40713504924080846,0.40863540768728235,0.40917950139326165,0.40847985529045727,0.4060481639999168,0.40118180267093984,0.39296115832242884,0.38029781737615137,0.36213830299020533,0.33804887800045097,0.30952131623079204,0.2820134867923133,0.2659719751238094,0.27265995241603924,0.30474606969712215,0.3527316900789528,0.40308736391498395,0.4467711742613753,0.48044215134491575,0.5039687083842141,0.5182495238778609,0.5241555460570405,0.5221705185427605,0.5123274997934557,0.4942509937202632,0.4672507277038837,0.4304852783631131,0.38325754512112514,0.32552673468591514,0.2586880155625459,0.18649950368928167,0.11566445819608237,0.05519520816271209,0.013951029117821855,-0.002835941028416635,0.004239046377827254,0.029471267146248873,0.06486534674269986,0.10288897500578985,0.13785794440864735,0.16603266295131416,0.18505489037384812,0.1931869365843618,0.18843281445441187,0.1670317925464382,0.11780484753598333,,,,,,,,,,,,,,,,,,,,,,,,,,,,,,,,,,,,,,,,
1.402644554445556,,,0.17964248137122546,0.24794165389368475,0.2952351265439811,0.3306509968200121,0.3578533658988464,0.37885954846544395,0.39501265194895196,0.4073281232727759,0.41663291087534227,0.4236178928844471,0.4288494917790749,0.4327623992802592,0.4356453883164061,0.43762642794437223,0.4386590425232601,0.4385087074654171,0.4367366078157024,0.432679740010547,0.42543473784574354,0.41387706619071685,0.396807099627436,0.3734374650235276,0.3445891075109239,0.3147669814747914,0.2936636487969425,0.292825444109494,0.316331862590459,0.35609039875752446,0.39913970906078844,0.43633697355400547,0.46397402440394625,0.48150167694043217,0.4894212671113014,0.4882375866317953,0.4780978727634108,0.4587418762571941,0.4295968564504835,0.3899936912977053,0.3395572762135668,0.2788471245194447,0.21024943753465591,0.138862905438812,0.07268288214396812,0.021170302216609767,-0.007927308859479594,-0.011872381507712665,0.006073105108270507,0.038613472921808806,0.0775621765172447,0.11609881734657543,0.1495041222793256,0.17485639970481853,0.19033023037102634,0.1944202573069546,0.18501623037051212,0.15749903854620684,0.09511537115838334,,,,,,,,,,,,,,,,,,,,,,,,,,,,,,,,,,,,,,,,,
1.4169537339236646,,0.0667688067207088,0.19704114359957364,0.26445817995335513,0.3124793529716928,0.3490849817847196,0.3776241290019705,0.3999712792023581,0.4173869788405598,0.4308357656220166,0.441116748281103,0.4489128493074144,0.45480014458326345,0.4592378397190489,0.46255075876388774,0.46491099995762614,0.46632119041396136,0.4665982848169323,0.4653546847176497,0.4619738934430495,0.45558411778263846,0.44505346249666494,0.42908407975717244,0.4066023433244289,0.37782145378582715,0.34627615086647956,0.32070379228446527,0.31259247733305306,0.3272304709465321,0.35800839541527096,0.39269424822232873,0.4221202424694171,0.4422017504559079,0.45192431446143466,0.45133667586872084,0.44053757580177777,0.4193477226788696,0.38733767155512694,0.34408703975081445,0.2896863680814081,0.22552109166770645,0.15524506651670053,0.08549305869127777,0.025442908252471835,-0.015534025367823338,-0.03151721156506575,-0.02262746774698951,0.005442734413746714,0.04435518302737206,0.08616744943633492,0.12492806063054283,0.15683491307871203,0.17965621248540792,0.19196597793385592,0.19236727244019275,0.1784716564152726,0.14428810391469246,0.059451859842841334,,,,,,,,,,,,,,,,,,,,,,,,,,,,,,,,,,,,,,,,,,
1.4312629134017731,,0.09731956237745497,0.21362700579564525,0.2804934772766174,0.3292120551309596,0.3668854578157814,0.39660518937935607,0.42012581194889276,0.4386371098943818,0.45305880478975435,0.4641643178714171,0.47262774431962723,0.47903168523271855,0.4838552452099198,0.4874539602586921,0.49003872328554615,0.49165666020640997,0.492173185087486,0.4912517308831437,0.4883270681854482,0.48257236009482085,0.47287643084316516,0.45789443612516145,0.4363470800897058,0.40793523270144955,0.37525957619099093,0.345938573226152,0.331001262849448,0.3365824542251509,0.357508431203488,0.3824255300711666,0.4022602778010345,0.4125829832149293,0.4118964588663997,0.39978334748029143,0.37598853951644096,0.3402171790383533,0.2923851214548723,0.23323074008932246,0.16523706767551413,0.09361312845249573,0.02664124337341707,-0.025614078669344745,-0.05456484903196666,-0.05677324383218328,-0.035334880091683986,0.0020527114542525852,0.04654687558043432,0.09075953274539238,0.12965533775151544,0.16025339276451422,0.18088052981691402,0.1903895986261191,0.18737381463619388,0.16896223853602865,0.12687846753892215,,,,,,,,,,,,,,,,,,,,,,,,,,,,,,,,,,,,,,,,,,,,
1.4455720928798819,,0.12097583077195835,0.22940760132913982,0.29593462510158375,0.34528713899233754,0.38388472647213695,0.41460757841307155,0.43910980989678744,0.45852095607109955,0.47372168268587134,0.4854620276781711,0.494406706773223,0.5011419447385476,0.5061620641019515,0.5098474888539114,0.5124416146646427,0.5140300317642581,0.5145217199752612,0.5136286941941619,0.5108392086668854,0.5053822495609969,0.4961938298830883,0.4819349763252789,0.4612117085872338,0.43333701326246304,0.40006771995764506,0.36778830607230933,0.34661988726837856,0.34300240652938196,0.3529855572783666,0.36621395554350245,0.37388571234709156,0.37133194020255944,0.35664403349969076,0.3290761772822514,0.28836360266464345,0.23483525495286067,0.17009065163076142,0.09801436304423886,0.025631273883138028,-0.03715639027190342,-0.07989673814281882,-0.09556040162706747,-0.08368455449705882,-0.050202348631640706,-0.004289700177645401,0.04516493677215758,0.09151132402139563,0.13059894377671483,0.16015039778505324,0.17892755981646477,0.18595334140929848,0.17968757519011463,0.15648524906334543,0.10385432097745242,,,,,,,,,,,,,,,,,,,,,,,,,,,,,,,,,,,,,,,,,,,,,
1.4598812723579904,,0.1410194944259524,0.24431543921132648,0.31061606652653967,0.36049961811465536,0.39984702143877887,0.43136492101323287,0.4566237212494116,0.4767021273412277,0.49244713340406787,0.5045876571112239,0.5137785102096456,0.5206065139892957,0.5255760769879785,0.5290858032918103,0.5314039392956585,0.5326466751259885,0.5327593993511792,0.5314976217813523,0.5284023976574197,0.522766523927251,0.5135975753613254,0.4996160078978743,0.47941242271634704,0.45206147238444605,0.4186164340617722,0.38416350306823566,0.35742495518604267,0.3444112297864277,0.34198719411443035,0.34088274919742845,0.3328450185798628,0.31323499090015483,0.28005027496837964,0.2327738991601954,0.17217291069229088,0.10092647753224653,0.024619482571282277,-0.0477344395753664,-0.10483357360337127,-0.13651593965399794,-0.13805166346735856,-0.11219621140466259,-0.06736762810764348,-0.013682250051680672,0.04026438711562427,0.08862998342927528,0.12806449067990064,0.15686888695806928,0.17412625541642407,0.17892676638695745,0.16945075338094026,0.14080579677327273,0.07078731506735772,,,,,,,,,,,,,,,,,,,,,,,,,,,,,,,,,,,,,,,,,,,,,,
1.474190451836099,,0.1585387455700615,0.25820875482995476,0.32430654256876773,0.3745697246642795,0.41445076608932685,0.4465140404368268,0.47226077274247485,0.49272730202866416,0.5087318835413474,0.5209843044406005,0.5301286228388391,0.5367486631805015,0.5413528382757489,0.5443498075674789,0.5460231082937155,0.5465092906768503,0.5457802092336702,0.5436266779332064,0.5396386161286874,0.5331775729679911,0.5233450444207725,0.5089753971466459,0.4887511174486913,0.4616808921369969,0.4282989297361399,0.3923722440453946,0.3606865479319399,0.3378877132870497,0.3210500262956811,0.3020863230596898,0.2737885714970134,0.23219502192155891,0.17611780734589916,0.10671248660610377,0.027920574406928782,-0.05274574990273753,-0.12427785198042761,-0.17441326418798092,-0.1940429283297623,-0.181295421742559,-0.14208965116735986,-0.08683395445182751,-0.026116072892649427,0.03195970371829414,0.08233092144368848,0.12232589620609263,0.1506958746910551,0.16673741466904693,0.1695015864127704,0.15669203850752791,0.12128943867276044,,,,,,,,,,,,,,,,,,,,,,,,,,,,,,,,,,,,,,,,,,,,,,,,
1.4884996313142076,,0.17393865099314462,0.2708651489947123,0.3366932956754928,0.3871241427724162,0.4272675968053169,0.45957198445239567,0.4854820711282929,0.5059994051457329,0.5219178454926757,0.5339294543607321,0.5426659033842778,0.5487032845551044,0.5525463208638107,0.5546034658264732,0.5551613284198167,0.554363446056062,0.5521946833566698,0.5484692374001621,0.542818313662478,0.5346742174014195,0.5232537276753779,0.5075629431593437,0.48649547563315126,0.4591928551811682,0.42589684486597024,0.38906461197039083,0.35294639840984704,0.3197040983297484,0.2858950161155231,0.24488198483378865,0.19148420644946412,0.12384213538119279,0.043546088430945575,-0.04404408821831006,-0.12940124727509641,-0.19974281182711245,-0.2424518714801843,-0.25014177684515376,-0.22401821864303842,-0.17280955885207308,-0.10837360935849293,-0.04143667830258762,0.020434474346003595,0.0728395205345979,0.11362951085509683,0.14187150384209776,0.15696607975733942,0.15780136995444688,0.14130319544594694,0.0963675067921653,,,,,,,,,,,,,,,,,,,,,,,,,,,,,,,,,,,,,,,,,,,,,,,,,
1.5028088107923163,,0.18729863730848692,0.28197071915267585,0.3473640278979639,0.3976749204915607,0.4377389043815595,0.469910452796457,0.4955890290719277,0.5157480432759918,0.5311604658454272,0.5425010177815878,0.5503859564655352,0.5553770063190807,0.5579650258678877,0.5585449200892567,0.5573905024497932,0.554634797599667,0.5502577829504522,0.5440806762142414,0.535764579238929,0.5248126353664715,0.5105806541550388,0.49231523318130366,0.4692660657102671,0.44095173264190896,0.40760388629555633,0.37039996123930446,0.3303841102977941,0.2860201942819666,0.23274711607356063,0.16615344896438028,0.08493820515118507,-0.008145646382906609,-0.10593760084606188,-0.19688471281935968,-0.26681437151613524,-0.30332921883298447,-0.3010703552018854,-0.26405789745815356,-0.20322243215809524,-0.1313853236600425,-0.059268557059635255,0.00598145043160974,0.060416811468885966,0.10221556294078579,0.13060972398420223,0.14498085341351646,0.14389128110438892,0.12297006306629914,0.060851441899792906,,,,,,,,,,,,,,,,,,,,,,,,,,,,,,,,,,,,,,,,,,,,,,,,,,
1.5171179902704248,,0.19849189031838374,0.29110703443787483,0.3557881863000088,0.4055979781680254,0.44515225868977243,0.47673047625242276,0.5016964689492491,0.5210010590641233,0.535398602717831,0.5455452328079556,0.5520365700713977,0.5554104806952409,0.5561302344017259,0.5545596280216674,0.5509390161647605,0.5453682098662431,0.5377991378835895,0.5280390480331576,0.51576499902535,0.5005534740847007,0.4819359193493845,0.459500766833202,0.43306316357193597,0.402863661593345,0.3695095509571528,0.33294663360098475,0.2902740617703966,0.23518257127981324,0.1619803063200269,0.07010870634500128,-0.035207391223812765,-0.14392440012058347,-0.2421109194473412,-0.31436390944139536,-0.3486193991757445,-0.34114758732829426,-0.29793197086700873,-0.23130517387470534,-0.15469411532148486,-0.07889415916961534,-0.010923197438880415,0.04540899935611848,0.08835527766602999,0.11712895354528134,0.13093887970479534,0.1277828164424186,0.1009607383588557,,,,,,,,,,,,,,,,,,,,,,,,,,,,,,,,,,,,,,,,,,,,,,,,,,,,
1.5314271697485335,,0.20723252386246377,0.29773925365146336,0.361300984439899,0.4101153768091565,0.4486227359348703,0.4790432777635467,0.502713287659844,0.5205650813000219,0.5333348538595193,0.5416564795020483,0.5460965609017886,0.5471556787566103,0.5452511127368905,0.540692690649002,0.5336609410681517,0.5241940755466128,0.5121879940978051,0.49741277956490176,0.4795514822186211,0.4582735992564367,0.4333661441097106,0.4049511094794256,0.3737793768913386,0.34138284164011107,0.3093058958041077,0.27624085209644594,0.2344497695193264,0.17223840484305014,0.08375855604750573,-0.02563382554789812,-0.1423681847308079,-0.24904808786669913,-0.3282468427327192,-0.36726211940864123,-0.36253997665044907,-0.32048322021168063,-0.25381325794671467,-0.17630163526350626,-0.09908377034254401,-0.02950740750157605,0.028323221314972356,0.07240496943022437,0.1016937767161056,0.11501711818817044,0.10942220556865685,0.07329926287858496,,,,,,,,,,,,,,,,,,,,,,,,,,,,,,,,,,,,,,,,,,,,,,,,,,,,,
1.545736349226642,,0.2130994981378637,0.3012106817620711,0.3630963731394292,0.41028889433123605,0.44708814286904375,0.4756678409050791,0.4973428259321426,0.5130289444500921,0.5234421061010653,0.5291869352353638,0.5307885152823983,0.5286918620737565,0.5232444655850926,0.5146737147798649,0.5030687218443947,0.4883740056324226,0.4704015079481038,0.44886925076647943,0.42348170229725834,0.3940802504212362,0.3609094331227261,0.3250422949956206,0.28888999280133004,0.256230650919667,0.23014619607159073,0.20737109208706975,0.17381177962556799,0.1124877160020119,0.01918671304574424,-0.09384541615473288,-0.20587253956747614,-0.2957724096884577,-0.34787276452339294,-0.356131892305158,-0.32499181641413144,-0.26610033686506296,-0.19315115256718668,-0.11789535517933995,-0.04855583144356255,0.009930638647471455,0.05487909679355511,0.08466992733095811,0.0974510049777741,0.08862385537060782,0.029541249131899417,,,,,,,,,,,,,,,,,,,,,,,,,,,,,,,,,,,,,,,,,,,,,,,,,,,,,,
1.5600455287047508,,0.21555927401441605,0.300751972483368,0.360238916459002,0.4050369018907846,0.43933228416060766,0.4652616044120344,0.4841217903664452,0.4968114909086691,0.5040208507451117,0.506314212907239,0.5041580255155231,0.4979185745363779,0.4878451357326236,0.47405071627283096,0.45650067592709453,0.4350186771313333,0.40932104007396,0.3790972821300991,0.34416958105037776,0.3047886583581532,0.2621471924481969,0.21915007544781975,0.18115019608908273,0.15529589995715848,0.14565924475181857,0.1439620309266674,0.12743139545375645,0.07554997807991201,-0.011919181967713719,-0.11672834604248011,-0.21445204821257913,-0.28424657783719215,-0.31444066250960984,-0.3044131142667616,-0.2624596985977096,-0.2010850460904099,-0.13251897281299826,-0.06625495304558034,-0.008611745439639806,0.03654053453877619,0.06659362203105033,0.07857930291092591,0.06477278434516866,,,,,,,,,,,,,,,,,,,,,,,,,,,,,,,,,,,,,,,,,,,,,,,,,,,,,,,,
1.5743547081828593,,0.21400247608128956,0.29551643008858486,0.35170848350324196,0.39319106622423217,0.42405549634441914,0.44640633272641517,0.4615228333819847,0.47028230658852926,0.4733398915245398,0.4712046572634202,0.46426359770393144,0.4527784607921551,0.43687159387110075,0.41651389786045895,0.39152715735526034,0.36161471595210093,0.32644113654341167,0.2857970169360279,0.2399132463585385,0.19002542164332054,0.13929013311292684,0.09394364768811746,0.06372045911964852,0.05869461269128938,0.07950536437015214,0.10710720932838041,0.11026823906053967,0.07018376215317546,-0.0071121129348476345,-0.09948411958716416,-0.18214891740250347,-0.2365009966300716,-0.25425585930230854,-0.2374916193394398,-0.19532177693890843,-0.1393380606076487,-0.08011033726146749,-0.025654654872688202,0.018494004958782968,0.0482505670860101,0.05888352151949754,0.034843039911209336,,,,,,,,,,,,,,,,,,,,,,,,,,,,,,,,,,,,,,,,,,,,,,,,,,,,,,,,,
1.588663887660968,,0.20780808726758157,0.2846548442810094,0.33649374736614013,0.37361135795123085,0.40001335468862476,0.4177725413396839,0.42814686129458485,0.4319846159691102,0.42989362085169847,0.4223106477513492,0.40952253248609743,0.39166467667717775,0.3687144269092419,0.34049469651563524,0.30670473270868265,0.2670015146899743,0.22117059679609258,0.16945354267858537,0.11313855481847776,0.05553776273584408,0.0033266926004973264,-0.03247587028239232,-0.038312610180183365,-0.006416739956168879,0.052143752799774463,0.10545152489556547,0.12111886190856398,0.08848868895142455,0.01996884613348207,-0.06111801292947657,-0.13183835883428746,-0.17634911763596478,-0.18865550177883042,-0.1718007656041716,-0.1344774940346144,-0.0870936440559105,-0.03904684274487082,0.0022422637993647202,0.030746285749391623,0.03896468666741819,,,,,,,,,,,,,,,,,,,,,,,,,,,,,,,,,,,,,,,,,,,,,,,,,,,,,,,,,,,
1.6029730671390767,,0.19644587101558908,0.2674409239218318,0.31374672819651894,0.34537229793263413,0.3662367791602708,0.37837575163434506,0.3830183496283135,0.38097380950698734,0.3727899647812896,0.35881729284102104,0.33923025620239516,0.31403324855082954,0.2830713239144557,0.24606591483844642,0.20270162301020891,0.1528043551545489,0.09667705997503415,0.035695062389416096,-0.026720856925808605,-0.08375598272715712,-0.12404431885336932,-0.1326742044050956,-0.09778123621081901,-0.023031623973017733,0.06508458881010713,0.12966157321072458,0.14678105909782643,0.11588606256724063,0.053252803782313056,-0.018952043251263803,-0.08072990519399542,-0.11897575763743475,-0.12930718463847335,-0.11504544986790272,-0.08422653001060176,-0.04636082933381737,-0.010376911806746592,0.01552568368306478,0.01904317611105785,,,,,,,,,,,,,,,,,,,,,,,,,,,,,,,,,,,,,,,,,,,,,,,,,,,,,,,,,,,,
1.6172822466171852,,0.17961948557288476,0.24344751350836966,0.28299588792990665,0.30801422622907476,0.32232264820453377,0.3279081743285754,0.325960995598806,0.31724186388905723,0.3022311303808448,0.2811908357872406,0.25419265591011525,0.2211418247399001,0.18182206826717118,0.1359901445839505,0.08356028348893145,0.024940259907134433,-0.03839131683335923,-0.10296931399390645,-0.16209855951522012,-0.20474763352289227,-0.21613473324891233,-0.18278462047778818,-0.10310509305834954,0.003607842209508759,0.1026648887064775,0.16338282894167117,0.17392658996871388,0.14114299818298565,0.0822838868604965,0.017080354389542952,-0.037645755189807825,-0.07130717384631743,-0.0808255652176468,-0.06968954301013915,-0.04550197138034323,-0.01749387271780403,0.004277239880675235,,,,,,,,,,,,,,,,,,,,,,,,,,,,,,,,,,,,,,,,,,,,,,,,,,,,,,,,,,,,,,
1.631591426095294,,0.15743650209694565,0.21275169207737107,0.24438679159859672,0.26181803836668516,0.26874130772510196,0.2670785839834806,0.25797097253082213,0.24212686644366185,0.21996448240219055,0.19167818353874383,0.15728320266290635,0.1166731202286491,0.06972213569350216,0.016471498993632667,-0.042545307353194915,-0.10576587018939576,-0.169780256902931,-0.2282568908983128,-0.27099432633517356,-0.2842817770321748,-0.2546723507578466,-0.17734578646961752,-0.06484218820964281,0.05372896295576809,0.14648952732117218,0.19410968377874316,0.1945637878741985,0.15846655059530665,0.1022437578070526,0.04285992180689673,-0.005818788881670212,-0.03544417444039543,-0.04413218391439756,-0.0357033836828341,-0.017855800794384674,-0.0012516919809537014,,,,,,,,,,,,,,,,,,,,,,,,,,,,,,,,,,,,,,,,,,,,,,,,,,,,,,,,,,,,,,,
1.6459006055734025,,0.1305698058605726,0.17611760171956545,0.19888339059659174,0.20801955146725867,0.20705887457694835,0.1978382170317439,0.1814429166865689,0.15853601039612464,0.1294988198330292,0.09450992617367443,0.05361929770742311,0.006856777326217531,-0.04558605036403225,-0.10305376544411504,-0.16394926195500215,-0.2250347923292712,-0.28054938312324407,-0.32144490993062774,-0.33560488082826034,-0.31056378231346493,-0.23979750664110722,-0.13029565025428172,-0.004528134759404513,0.10805412517866628,0.18438028157114114,0.21543192352989085,0.20520990665333855,0.1655938097789937,0.11146638697895614,0.05721050128169008,0.014132617829797791,-0.011376439080795797,-0.018582733621020642,-0.011807950884236022,,,,,,,,,,,,,,,,,,,,,,,,,,,,,,,,,,,,,,,,,,,,,,,,,,,,,,,,,,,,,,,,,
1.6602097850515112,,0.10035954433651165,0.1350850552836875,0.1483402599570361,0.14885701373446653,0.1399512034727759,0.1233523536136734,0.10008948402195805,0.07080101022079803,0.035878180881430244,-0.004434970137380224,-0.04992719547403063,-0.10024884087978839,-0.15464282885731653,-0.2115364313060849,-0.26796722084685143,-0.3188835345317841,-0.35654806464339994,-0.37065116869845105,-0.3501901146640796,-0.2880047491791373,-0.18689861486602324,-0.06292570083444421,0.05885352204528256,0.15463381489700626,0.21057054415587298,0.22483585757236857,0.20457267298879758,0.16165803453063515,0.10933526745466755,0.05978022875874536,0.022168338426212558,0.001256712586402429,-0.0025917752447769233,,,,,,,,,,,,,,,,,,,,,,,,,,,,,,,,,,,,,,,,,,,,,,,,,,,,,,,,,,,,,,,,,,
1.6745189645296197,,0.06881685875877006,0.09190336070191228,0.09537515349012671,0.08737560456961191,0.07093098666408969,0.047639100965538625,0.018478026824735923,-0.015906496359364718,-0.0550523157318753,-0.09855555843927234,-0.14591274210720992,-0.1962901581283626,-0.24818795469218285,-0.29898335170100476,-0.34438923356921597,-0.37799322441416877,-0.39128892425388373,-0.374914477746865,-0.3217989913204544,-0.231853534815823,-0.11560260522904213,0.00704765584641486,0.1137317160260879,0.18785215571095146,0.2228127268251831,0.22123207954838267,0.19170285665547251,0.14557951234294206,0.09459049806878793,0.048997621770740934,0.0158210653817239,,,,,,,,,,,,,,,,,,,,,,,,,,,,,,,,,,,,,,,,,,,,,,,,,,,,,,,,,,,,,,,,,,,,
1.6888281440077284,,0.038554059421550275,0.04930781951198579,0.04304425943595223,0.027004997714242397,0.0038237054677440568,-0.025063705881657183,-0.05872314448506369,-0.09646690004101388,-0.13770250414072807,-0.1817853425697529,-0.22782638642484673,-0.27442486730184984,-0.3193143824983556,-0.3589504488240253,-0.3881539421776189,-0.4000827999290166,-0.38700668451741865,-0.3424121046146797,-0.2644386811929724,-0.1592618784346279,-0.04171025183863573,0.06867575504390445,0.1543859899296646,0.20524968240499256,0.21973327924101252,0.20304825609475347,0.1642739730888721,0.11383968727535161,0.06121330656101231,,,,,,,,,,,,,,,,,,,,,,,,,,,,,,,,,,,,,,,,,,,,,,,,,,,,,,,,,,,,,,,,,,,,,,
1.703137323485837,,0.012829080973220646,0.010227067788237376,-0.005578354452935315,-0.028961598139275888,-0.057845538988511004,-0.09100173877346639,-0.12753986139799114,-0.16670476247067462,-0.20773376315889763,-0.24969960440615127,-0.29130489548518157,-0.33061556921905894,-0.36475157875386105,-0.3896111153922095,-0.3998055099443292,-0.3891159366118873,-0.3518552189962278,-0.2852882220093323,-0.192472933829319,-0.08379338468751142,0.024688403526055648,0.11603341075285156,0.17775025380024786,0.20465407831918905,0.19848919177335958,0.16560421566646544,0.11390410378129481,0.045125864275874686,,,,,,,,,,,,,,,,,,,,,,,,,,,,,,,,,,,,,,,,,,,,,,,,,,,,,,,,,,,,,,,,,,,,,,,
1.7174465029639456,,-0.003346397336395778,-0.02239787109940133,-0.04774637863529879,-0.07779770038690632,-0.11134011787074125,-0.14743471944927558,-0.18525310887418112,-0.22396778904393583,-0.2626383905877659,-0.30006532227668914,-0.33459910342589755,-0.3639156373925932,-0.38480650587487686,-0.3930983906974309,-0.38390456544657514,-0.35247989557807324,-0.29587118185732936,-0.21513827257920495,-0.11715940351183694,-0.014502866875128487,0.07746230124442156,0.14510175689855906,0.18017778425647316,0.18081439792102588,0.14961870618218814,0.08729903653877312,,,,,,,,,,,,,,,,,,,,,,,,,,,,,,,,,,,,,,,,,,,,,,,,,,,,,,,,,,,,,,,,,,,,,,,,,
1.7317556824420541,,,-0.04537390901127235,-0.08112875934505924,-0.11751983919840417,-0.15491772967812098,-0.19284068494055498,-0.23057642891939334,-0.2672499715061501,-0.30177284916701774,-0.3327337593490048,-0.35825188897177335,-0.3758281591007692,-0.38226896794517085,-0.37381576402993844,-0.3466704694219884,-0.29809550678076147,-0.22806742957011927,-0.14098826167055376,-0.04640427653443915,0.04231523601600665,0.11128558775022458,0.14974451517250661,0.15167106286856386,0.11234710387574139,,,,,,,,,,,,,,,,,,,,,,,,,,,,,,,,,,,,,,,,,,,,,,,,,,,,,,,,,,,,,,,,,,,,,,,,,,,
1.7460648619201629,,,-0.05365888326737459,-0.10342569422168135,-0.1467077499002096,-0.18770503947372016,-0.22678548843201388,-0.2634798776201738,-0.2969316775551068,-0.32597066625338006,-0.34907412854299347,-0.3642914689077377,-0.36919506132212654,-0.3609503887020976,-0.336640552638446,-0.29399564924887817,-0.2325933862967257,-0.15532664286237072,-0.0694982021582778,0.01337423777182661,0.07950824711696677,0.11560601207677666,0.10891147194026564,,,,,,,,,,,,,,,,,,,,,,,,,,,,,,,,,,,,,,,,,,,,,,,,,,,,,,,,,,,,,,,,,,,,,,,,,,,,,
1.7603740413982716,,,-0.026843894472058386,-0.11089692049781286,-0.1638072008165682,-0.2092308829548216,-0.24953441593618753,-0.28480129919962777,-0.3143309748781137,-0.33697921192309543,-0.35124408878738383,-0.355292356730091,-0.34702860353974985,-0.32431639273793883,-0.2854786110096689,-0.23017733714531144,-0.16063249433851431,-0.08284624218915496,-0.007196179830171913,0.052055278635466246,0.07681835613373246,,,,,,,,,,,,,,,,,,,,,,,,,,,,,,,,,,,,,,,,,,,,,,,,,,,,,,,,,,,,,,,,,,,,,,,,,,,,,,,
1.77468322087638,,,,-0.09171767076327433,-0.16505766677454745,-0.218359322428554,-0.26139698681770585,-0.295767680322947,-0.3212549808189317,-0.3369257584405222,-0.341475632058466,-0.3334146739867532,-0.3112883146999077,-0.27407292096948355,-0.22187177078302725,-0.1569749167873727,-0.08519118639775781,-0.017234349187753514,0.029078394492626912,,,,,,,,,,,,,,,,,,,,,,,,,,,,,,,,,,,,,,,,,,,,,,,,,,,,,,,,,,,,,,,,,,,,,,,,,,,,,,,,,
1.7889924003544888,,,,,-0.1342770653366647,-0.20959454827163101,-0.26111840575473944,-0.2973195995513675,-0.31966232450909243,-0.3278836714513146,-0.32118760033301896,-0.29878859763956483,-0.2604041681456948,-0.20695499569159273,-0.14167366441177273,-0.07185790592463702,-0.012405372557170221,,,,,,,,,,,,,,,,,,,,,,,,,,,,,,,,,,,,,,,,,,,,,,,,,,,,,,,,,,,,,,,,,,,,,,,,,,,,,,,,,,,
1.8033015798325973,,,,,,-0.13935750318355666,-0.23550691386088024,-0.2872228719549715,-0.31140544326054886,-0.3111947369985302,-0.2873866019067828,-0.24090644631033106,-0.17423735907648244,-0.09267008300560318,,,,,,,,,,,,,,,,,,,,,,,,,,,,,,,,,,,,,,,,,,,,,,,,,,,,,,,,,,,,,,,,,,,,,,,,,,,,,,,,,,,,,,
1.8176107593107058,,,,,,,,,,,,,,,,,,,,,,,,,,,,,,,,,,,,,,,,,,,,,,,,,,,,,,,,,,,,,,,,,,,,,,,,,,,,,,,,,,,,,,,,,,,,,,,,,,,,
